Policy Type,Policy Name,Priority,Policy Description,Action,Active,All Computers,Selected Computers/Groups,Excluded Computers/Groups,Selected AD Groups,Excluded AD Groups,Users,Activation Option,Activate On,Deactivate On,Scheduled On Day,Scheduled From,Scheduled To,Apply Policy,Check By,URL,Host/IP,Checked Script Name,Collect Policy Usage,Send Policy Automation Events,End-User UI,Trust All Applications,Executed Script Name,Executed Script Triggers,Access,Application Type,Application Description,Security Token,Security Level
CPrivilegeTheftPolicy,Credential Theft From Active Directory Database (NTDS.DIT),N/A,,PolicyActionDisplayName_VFPA_ENDPOINT_PROTECTION,No,Yes,,,,,,Manually,,,,,,Always,,,,,,,,,,,,,,,
CPrivilegeTheftPolicy,Open VPN Credentials Theft,N/A,,PolicyActionDisplayName_VFPA_ENDPOINT_PROTECTION,No,Yes,,,,,,Manually,,,,,,Always,,,,,,,,,,,,,,,
CPrivilegeTheftPolicy,"Suspicious Request to set  ""Always Install Elevated"" mode",N/A,,PolicyActionDisplayName_VFPA_ENDPOINT_PROTECTION,No,Yes,,,,,,Manually,,,,,,Always,,,,,,,,,,,,,,,
CPrivilegeTheftPolicy,KeePass - Password Manager,N/A,,PolicyActionDisplayName_VFPA_ENDPOINT_PROTECTION,No,Yes,,,,,,Manually,,,,,,Always,,,,,,,,,,,,,,,
CPrivilegeTheftPolicy,VMware Workstation Credential Theft,N/A,,PolicyActionDisplayName_VFPA_ENDPOINT_PROTECTION,No,Yes,,,,,,Manually,,,,,,Always,,,,,,,,,,,,,,,
CPrivilegeTheftPolicy,Pass The Ticket Attack,N/A,,PolicyActionDisplayName_VFPA_ENDPOINT_PROTECTION,No,Yes,,,,,,Manually,,,,,,Always,,,,,,,,,,,,,,,
CPrivilegeTheftPolicy,Credential Theft from WinLogon Automation,N/A,,PolicyActionDisplayName_VFPA_ENDPOINT_PROTECTION,No,Yes,,,,,,Manually,,,,,,Always,,,,,,,,,,,,,,,
CPrivilegeTheftPolicy,Total Commander Credentials Theft,N/A,,PolicyActionDisplayName_VFPA_ENDPOINT_PROTECTION,No,Yes,,,,,,Manually,,,,,,Always,,,,,,,,,,,,,,,
CPrivilegeTheftPolicy,Putty Credentials Theft,N/A,,PolicyActionDisplayName_VFPA_ENDPOINT_PROTECTION,No,Yes,,,,,,Manually,,,,,,Always,,,,,,,,,,,,,,,
CPrivilegeTheftPolicy,Okta AD Agent Tamper Protection,N/A,,PolicyActionDisplayName_VFPA_ENDPOINT_PROTECTION,No,Yes,,,,,,Manually,,,,,,Always,,,,,,,,,,,,,,,
CPrivilegeTheftPolicy,Opera Credentials Theft,N/A,,PolicyActionDisplayName_VFPA_ENDPOINT_PROTECTION,No,Yes,,,,,,Manually,,,,,,Always,,,,,,,,,,,,,,,
CPrivilegeTheftPolicy,DbVisualizer Credentials Theft,N/A,,PolicyActionDisplayName_VFPA_ENDPOINT_PROTECTION,No,Yes,,,,,,Manually,,,,,,Always,,,,,,,,,,,,,,,
CPrivilegeTheftPolicy,Tortoise SVN Credentials Theft,N/A,,PolicyActionDisplayName_VFPA_ENDPOINT_PROTECTION,No,Yes,,,,,,Manually,,,,,,Always,,,,,,,,,,,,,,,
CPrivilegeTheftPolicy,Git Credentials Theft,N/A,,PolicyActionDisplayName_VFPA_ENDPOINT_PROTECTION,No,Yes,,,,,,Manually,,,,,,Always,,,,,,,,,,,,,,,
CPrivilegeTheftPolicy,Composer Credentials Theft,N/A,,PolicyActionDisplayName_VFPA_ENDPOINT_PROTECTION,No,Yes,,,,,,Manually,,,,,,Always,,,,,,,,,,,,,,,
CPrivilegeTheftPolicy,Azure CLI Credentials Theft,N/A,,PolicyActionDisplayName_VFPA_ENDPOINT_PROTECTION,No,Yes,,,,,,Manually,,,,,,Always,,,,,,,,,,,,,,,
CPrivilegeTheftPolicy,Credential Theft from SolarWinds Orion,N/A,,PolicyActionDisplayName_VFPA_ENDPOINT_PROTECTION,No,Yes,,,,,,Manually,,,,,,Always,,,,,,,,,,,,,,,
CPrivilegeTheftPolicy,Duo Integration Secrets Dump,N/A,,PolicyActionDisplayName_VFPA_ENDPOINT_PROTECTION,No,Yes,,,,,,Manually,,,,,,Always,,,,,,,,,,,,,,,
CPrivilegeTheftPolicy,mRemoteNG Credentials Theft,N/A,,PolicyActionDisplayName_VFPA_ENDPOINT_PROTECTION,No,Yes,,,,,,Manually,,,,,,Always,,,,,,,,,,,,,,,
CPrivilegeTheftPolicy,CheckPoint Endpoint Security VPN Credentials Theft,N/A,,PolicyActionDisplayName_VFPA_ENDPOINT_PROTECTION,No,Yes,,,,,,Manually,,,,,,Always,,,,,,,,,,,,,,,
CPrivilegeTheftPolicy,TeamViewer Credentials Theft,N/A,,PolicyActionDisplayName_VFPA_ENDPOINT_PROTECTION,No,Yes,,,,,,Manually,,,,,,Always,,,,,,,,,,,,,,,
CPrivilegeTheftPolicy,Remote Desktop Connection Manager Credentials Theft,N/A,,PolicyActionDisplayName_VFPA_ENDPOINT_PROTECTION,No,Yes,,,,,,Manually,,,,,,Always,,,,,,,,,,,,,,,
CPrivilegeTheftPolicy,LogMeIn Pro Credentials Theft,N/A,,PolicyActionDisplayName_VFPA_ENDPOINT_PROTECTION,No,Yes,,,,,,Manually,,,,,,Always,,,,,,,,,,,,,,,
CPrivilegeTheftPolicy,Suspected Path Rename of Credentials Store Locations,N/A,,PolicyActionDisplayName_VFPA_ENDPOINT_PROTECTION,No,Yes,,,,,,Manually,,,,,,Always,,,,,,,,,,,,,,,
CPrivilegeTheftPolicy,Suspicious Request To Boot In Safe Mode,N/A,,PolicyActionDisplayName_VFPA_ENDPOINT_PROTECTION,No,Yes,,,,,,Manually,,,,,,Always,,,,,,,,,,,,,,,
CPrivilegeTheftPolicy,Suspicious Request To Boot In Debug Mode,N/A,,PolicyActionDisplayName_VFPA_ENDPOINT_PROTECTION,No,Yes,,,,,,Manually,,,,,,Always,,,,,,,,,,,,,,,
CPrivilegeTheftPolicy,Suspicious Request To Boot In Test-Signing Mode,N/A,,PolicyActionDisplayName_VFPA_ENDPOINT_PROTECTION,No,Yes,,,,,,Manually,,,,,,Always,,,,,,,,,,,,,,,
CPrivilegeTheftPolicy,FileZilla Credentials Theft,N/A,,PolicyActionDisplayName_VFPA_ENDPOINT_PROTECTION,No,Yes,,,,,,Manually,,,,,,Always,,,,,,,,,,,,,,,
CPrivilegeTheftPolicy,Toad For Oracle Database Client Credentials Theft,N/A,,PolicyActionDisplayName_VFPA_ENDPOINT_PROTECTION,No,Yes,,,,,,Manually,,,,,,Always,,,,,,,,,,,,,,,
CPrivilegeTheftPolicy,SQL Server Management Studio Credentials Theft,N/A,,PolicyActionDisplayName_VFPA_ENDPOINT_PROTECTION,No,Yes,,,,,,Manually,,,,,,Always,,,,,,,,,,,,,,,
CPrivilegeTheftPolicy,DashLane Credentials Theft,N/A,,PolicyActionDisplayName_VFPA_ENDPOINT_PROTECTION,No,Yes,,,,,,Manually,,,,,,Always,,,,,,,,,,,,,,,
CPrivilegeTheftPolicy,LSASS Credentials Harvesting,N/A,,PolicyActionDisplayName_VFPA_ENDPOINT_PROTECTION,No,Yes,,,,,,Manually,,,,,,Always,,,,,,,,,,,,,,,
CPrivilegeTheftPolicy,SAM Hash Harvesting,N/A,,PolicyActionDisplayName_VFPA_ENDPOINT_PROTECTION,No,Yes,,,,,,Manually,,,,,,Always,,,,,,,,,,,,,,,
CPrivilegeTheftPolicy,Credential Theft From Windows Credential Manager,N/A,,PolicyActionDisplayName_VFPA_ENDPOINT_PROTECTION,No,Yes,,,,,,Manually,,,,,,Always,,,,,,,,,,,,,,,
CPrivilegeTheftPolicy,Domain Credential Theft From Local Cache,N/A,,PolicyActionDisplayName_VFPA_ENDPOINT_PROTECTION,No,Yes,,,,,,Manually,,,,,,Always,,,,,,,,,,,,,,,
CPrivilegeTheftPolicy,Credential Theft From Service Account,N/A,,PolicyActionDisplayName_VFPA_ENDPOINT_PROTECTION,No,Yes,,,,,,Manually,,,,,,Always,,,,,,,,,,,,,,,
CPrivilegeTheftPolicy,WinSCP Credentials Theft,N/A,,PolicyActionDisplayName_VFPA_ENDPOINT_PROTECTION,No,Yes,,,,,,Manually,,,,,,Always,,,,,,,,,,,,,,,
CPrivilegeTheftPolicy,VNC Credentials Theft,N/A,,PolicyActionDisplayName_VFPA_ENDPOINT_PROTECTION,No,Yes,,,,,,Manually,,,,,,Always,,,,,,,,,,,,,,,
CPrivilegeTheftPolicy,Microsoft Internet Explorer and Edge Credentials Theft,N/A,,PolicyActionDisplayName_VFPA_ENDPOINT_PROTECTION,No,Yes,,,,,,Manually,,,,,,Always,,,,,,,,,,,,,,,
CPrivilegeTheftPolicy,Chrome Credentials Theft,N/A,,PolicyActionDisplayName_VFPA_ENDPOINT_PROTECTION,No,Yes,,,,,,Manually,,,,,,Always,,,,,,,,,,,,,,,
CPrivilegeTheftPolicy,Firefox Credentials Theft,N/A,,PolicyActionDisplayName_VFPA_ENDPOINT_PROTECTION,No,Yes,,,,,,Manually,,,,,,Always,,,,,,,,,,,,,,,
CPrivilegeTheftPolicy,Suspected Registry Dump,N/A,,PolicyActionDisplayName_VFPA_ENDPOINT_PROTECTION,No,Yes,,,,,,Manually,,,,,,Always,,,,,,,,,,,,,,,
Advanced Policy,[IMPORTED] Application Policy for servicesterlingfs (1),140 (Highest),68762490,Trust Source,Yes,No,PGEMAPPDOC01,,,,gteknoloji\servicesterlingfs,Now,,,,,,Always,,,,,According to General Settings,No,"[IMPORTED] Elevate Trusted (1),[IMPORTED] Elevate Trusted (1)",Yes,,,,,,,
Advanced Policy,Shared Management Policy,230 (High),78446521,Elevate,Yes,Yes,,,,,"Group ""USR_SRV_GAR_GTAIBulutMiddlewareTeknolojileri"",Group ""USR_SRV_GAR_GTAIDijitalIsYeriMobiliteTeknolojileri"",Group ""USR_SRV_GAR_GTAIIletisimTeknolojileri"",Group ""USR_SRV_GAR_GTAIIsbirligiTeknolojileri"",Group ""USR_SRV_GAR_GTAIUygulamaTeknolojileri"",gteknoloji\USR_SRV_GTEK_GTAIBulutMiddlewareTeknolojileri,gteknoloji\USR_SRV_GTEK_GTAIDijitalIsYeriMobiliteTeknolojileri,gteknoloji\USR_SRV_GTEK_GTAIIletisimTeknolojileri,gteknoloji\USR_SRV_GTEK_GTAIIsbirligiTeknolojileri,gteknoloji\USR_SRV_GTEK_GTAIUygulamaTeknolojileri",Now,,,,,,Always,,,,,According to General Settings,,"[IMPORTED] Elevate Notification (2),[IMPORTED] Elevate Notification (2)",,,,,Script,,Administrator,HIGH
Advanced Policy,Application Permission Policy for Uygulama Servisleri Rezilyans Yönetimi - 2 (3),230 (High),8688200-12688512-12689588 - 14068124 -,Elevate,Yes,No,"GEMFTPV3,GEMFTPV1,PTEKAPPGEM02",,,,"EMEKLILIK\USR_SRV_GEM_GTSRSMusteriIliskileriVeSurecOtomasyonRezilyansYonet,Group ""USR_SRV_GAR_GTSRSMusteriIliskileriVeSurecOtomasyonRezilyansYonet"",GTEKNOLOJI\USR_SRV_GTEK_GTSRSMusteriIliskileriVeSurecOtomasyonRezilyansYone",Now,,,,,,Always,,,,,According to General Settings,,"Launch with elevated privileges,Launch with elevated privileges",,,,,Executable,,Administrator,MEDIUM
Advanced Policy,Application Permission Policy for GT SRS-BT Kontrol ve Sürekli İzleme,230 (High),13218527-,Elevate,No,No,,,,,USR_SRV_GAR_GTSRSServiceControlCenter,Manually,,,,,,Always,,,,,According to General Settings,,"[IMPORTED] Launch with elevated privileges (6),[IMPORTED] Launch with elevated privileges (6)",,,,,Executable,,Administrator,MEDIUM
Advanced Policy,Shared Management Policy_File Permission,250 (High),78446521,Set Security Permissions,Yes,Yes,,,,,"GARANTI\USR_SRV_GAR_GTAIBulutMiddlewareTeknolojileri,GARANTI\USR_SRV_GAR_GTAIDijitalIsYeriMobiliteTeknolojileri,GARANTI\USR_SRV_GAR_GTAIIletisimTeknolojileri,GARANTI\USR_SRV_GAR_GTAIIsbirligiTeknolojileri,GARANTI\USR_SRV_GAR_GTAIUygulamaTeknolojileri,gteknoloji\USR_SRV_GTEK_GTAIBulutMiddlewareTeknolojileri,gteknoloji\USR_SRV_GTEK_GTAIDijitalIsYeriMobiliteTeknolojileri,gteknoloji\USR_SRV_GTEK_GTAIIletisimTeknolojileri,gteknoloji\USR_SRV_GTEK_GTAIIsbirligiTeknolojileri,gteknoloji\USR_SRV_GTEK_GTAIUygulamaTeknolojileri",Now,,,,,,Always,,,,,,,,,,,Allow Full Control,FSEntry,,,LOW
Advanced Policy,IMPORTANT Allow File Sharing Policy,250 (High),,Set Security Permissions,Yes,Yes,,,,,".\uygsun,Group ""USR_SRV_GTEK_GTVPYTOIntelUygulamaYonetimi""",Now,,,,,,Always,,,,,,,,,,,Allow Full Control,FSEntry,,,LOW
Advanced Policy,Temporary - IMPORTANT Allow File Sharing Policy,250 (High),,Set Security Permissions,No,No,,,,,gteknoloji\ferdaay1,Now,,02-Nov-18 23:59:00,,,,Always,,,,,,,,,,,Allow Full Control,FSEntry,,,LOW
Advanced Policy,00710292 CasePolicy,350 (Above Normal),,Set Security Permissions,Yes,Yes,,,SRV_GTEK_GTVPOIntelUygulamaYonetimi,,"User ""EPMtestuser"",Group ""USR_SRV_GTEK_GTVPOCiktiHazirlama""",Now,,,,,,Always,,,,,,,,,,,Allow Full Control,FSEntry,,,LOW
Advanced Policy,Application Policy for GTGuvenlikLogYonetimiveAnalitigi_OwnServers,430 (Normal),"This Application Policy elevate users, which registered in        HYS record, for Running of Guardium Script.",Elevate,No,No,,,,,"GARANTI\USR_SRV_GAR_GTBTGRYGuvenlikLogYonetimiveAnalitigi,Group ""USR_SRV_GAR_GTMGBTGuvenlikLogYonetimiveAnalitigi"",GTEKNOLOJIDMZ\USR_SRV_GTEKDMZ_GTMGBTGuvenlikLogYonetimiveAnalitigi,Gteknoloji\USR_SRV_GTEK_GTBTGRYGuvenlikLogYonetimiveAnalitigi,gteknolojidmz\duyguayan1",Manually,,,,,,Always,,,,,According to General Settings,,"[IMPORTED] [IMPORTED] [IMPORTED] [IMPORTED] [IMPORTED] Launch wi,[IMPORTED] [IMPORTED] [IMPORTED] [IMPORTED] [IMPORTED] Launch wi",,,,,Executable,,Administrator,HIGH
Advanced Policy,Application Policy for GTIletisimSunucuHizmetleri,430 (Normal),,Elevate,Yes,No,PGEMAPPDOC01,,,,USR_SRV_GTEK_GTNSYIletisimSunucuHizmetleri,Now,,,,,,Always,,,,,According to General Settings,,"[IMPORTED] [IMPORTED] [IMPORTED] [IMPORTED] [IMPORTED] [IMPORTED,[IMPORTED] [IMPORTED] [IMPORTED] [IMPORTED] [IMPORTED] [IMPORTED",,,,,Executable,,Administrator,MEDIUM
Advanced Policy,Application Policy for MainframeUygulamaYonetimi,430 (Normal),69267938,Elevate,No,No,,,,,USR_SRV_GTEK_GTVPOMainframeUygulamaYonetimi,Manually,,,,,,Always,,,,,According to General Settings,,"[IMPORTED] Launch with elevated privileges (1),[IMPORTED] Launch with elevated privileges (1)",,,,,Executable,,Administrator,HIGH
Advanced Policy,Application Policy for GT2.SeviyeDestek ve Yazilim Dagitim,430 (Normal),,Elevate,Yes,Yes,,,,,"Group ""USR_SRV_GAR_GTVPYTO2SeviyeDestekveYazilimDagitim"",Group ""USR_SRV_GAR_GTVPYTOYazilimDagitim"",Group ""USR_SRV_GTEK_GTVPO2SeviyeDestekveYazilimDagitim"",Group ""USR_SRV_GTEK_GTVPYTOYazilimDagitim""",Now,,,,,,Always,,,,,According to General Settings,,,,,,,Executable,,Administrator,HIGH
Advanced Policy,Application Policy for GTVPYTOIntelUygulamaYonetimi,430 (Normal),77882318 - SCC Yetkilendirmeleri-12481617,Elevate,Yes,Yes,,,,,"DIJITALVARLIK\USR_SRV_DAS_GTAIBulutUygulamaTeknolojileri,EMEKLILIK\USR_SRV_GEM_GTAIBulutUygulamaTeknolojileri,Group ""USR_SRV_GAR_GTUOServiceControlCenter"",Group ""USR_SRV_GAR_GTVPYTOIntelUygulamaYonetimi"",GBEXTERNAL\USR_SRV_GBEXT_GTUOServiceControlCenter,GOHAS\USR_SRV_GOH_GTAIBulutUygulamaTeknolojileri,GTDMZ\USR_SRV_GTDMZ_GTAIBulutUygulamaTeknolojileri,GTDMZ\USR_SRV_GTDMZ_GTUOServiceControlCenter,GTEKNOLOJIDMZ\USR_SRV_GTEKDMZ_GTAIBulutUygulamaTeknolojileri,GTEKNOLOJIDMZ\USR_SRV_GTEKDMZ_GTUOServiceControlCenter,Group ""USR_SRV_GTEK_GTUOServiceControlCenter"",Group ""USR_SRV_GTEK_GTVPYTOIntelUygulamaYonetimi"",IPCCTEST\USR_SRV_IPCCTST_GTUOServiceControlCenter,IPCC\USR_SRV_IPCC_GTUOServiceControlCenter,OID\GT-Service Control Center,SALTONLINE\USR_SRV_SALT_GTAIBulutUygulamaTeknolojileri,TAKASNET\USR_SRV_TKS_GTAIBulutUygulamaTeknolojileri,TEKNOLOJI\USR_SRV_TEK_GTAIBulutUygulamaTeknolojileri,Takasnet\USR_SRV_TKS_GTUOServiceControlCenter",Now,,,,,,Always,,,,,According to General Settings,,"Elevate Notification,Elevate Notification",,,,,AdminTask,,Administrator,MEDIUM
Advanced Policy,[IMPORTED] Application Policy for GTCiktiHazirlama,430 (Normal),"This Application Policy elevate users, which registered at     HYS record, for the GT-Cikti Hazirlama.",Elevate,Yes,Yes,,,SRV_GTEK_GTVPOCiktiHazirlama,,USR_SRV_GTEK_GTVPOCiktiHazirlama,Now,,,,,,Always,,,,,According to General Settings,,"[IMPORTED] [IMPORTED] [IMPORTED] Launch with elevated privileges,[IMPORTED] [IMPORTED] [IMPORTED] Launch with elevated privileges",,,,,Executable,,Administrator,HIGH
Advanced Policy,[IMPORTED] Application Policy for GTCiktiHazirlama at 23:00 -00:00,430 (Normal),,Elevate,Yes,Yes,,,SRV_GTEK_GTVPOCiktiHazirlama,,USR_SRV_GTEK_GTVPOCiktiHazirlama,Now,,,"Sun,Mon,Tue,Wed,Thu,Fri,Sat",23:00,23:59,Always,,,,,According to General Settings,,,,,,,Script,,Administrator,HIGH
Advanced Policy,[IMPORTED] Application Policy for GTCiktiHazirlama at 00:00 -09:00,430 (Normal),,Elevate,Yes,Yes,,,SRV_GTEK_GTVPOCiktiHazirlama,,USR_SRV_GTEK_GTVPOCiktiHazirlama,Now,,,"Sun,Mon,Tue,Wed,Thu,Fri,Sat",00:00,09:00,Always,,,,,According to General Settings,,,,,,,Script,,Administrator,HIGH
Advanced Policy,[IMPORTED] Application Policy for GTKriptografiveMainframeGuvenlik,430 (Normal),,Elevate,No,No,,,,,"GTEKNOLOJI\USR_SRV_GTEK_GTBTGRYKriptografiveMainframeGuvenlik,IPCC\USR_SRV_IPCC_GTBTGRYBTKriptografiveMainframeGuvenlik",Manually,,,,,,Always,,,,,According to General Settings,,"[IMPORTED] Launch with elevated privileges,[IMPORTED] Launch with elevated privileges",,,,,Executable,,Administrator,HIGH
Advanced Policy,GT_policies,430 (Normal),,Elevate,No,No,,,,,Gteknoloji\srv_CCMP,Manually,,,,,,Always,,,,,According to General Settings,,"Launch with elevated privileges,Launch with elevated privileges",,,,,Executable,,Administrator,HIGH
Advanced Policy,Elevation Policy for GarantiYatirim,430 (Normal),"This Application Policy elevate users, which registered at 61089111 HYS record, for the Task Scheduler.
81984374
6342488
6327913
8677514",Elevate,Yes,No,"PGMKWEBCRM01,PGMKWEBCRM02,PGMKCRMREP01,PGMKCRMREP02,PGMKAPPBAP01,PGMKAPPFIL01,PGMKAPPFIL02,PGMKWEBGTP02,PGMKWEBGTP01,PGMKXFRFIX02,PGMKGTPBAS05",,,,".\psmmatriksuser,.\psmtsuser,User ""Serviceyatirimdestek"",User ""Serviceyatirimdestek"",Group ""USR_SRV_GTEK_GTYatirimThirdPartyUsers"",GTEKNOLOJI\srv_piyasayapiciligi,Gteknoloji\AGuvenc1,Gteknoloji\CSariuvanlar1,Gteknoloji\Scafri1,Gteknoloji\servisyatirimcrm",Now,,,,,,Always,,,,,According to General Settings,,"Elevate Notification,Elevate Notification",,,,,Executable,,Administrator,HIGH
Advanced Policy,Application Policy for GTCiktiHazirlama at 23:00 - 00:00,430 (Normal),,Elevate,Yes,No,"PGEMAPPDOC01,PGEMAPPDOC02,PGEMAPPDOC03,PGEMAPPDOC04",,,,USR_SRV_GTEK_GTVPOCiktiHazirlama,Now,,,"Sun,Mon,Tue,Wed,Thu,Fri,Sat",23:00,23:59,Always,,,,,According to General Settings,,,,,,,Script,,Administrator,HIGH
Advanced Policy,Application Policy for GTCiktiHazirlama at 00:00 -09:00,430 (Normal),,Elevate,Yes,No,"PGEMAPPDOC01,PGEMAPPDOC02,PGEMAPPDOC03,PGEMAPPDOC04",,,,USR_SRV_GTEK_GTVPOCiktiHazirlama,Now,,,"Sun,Mon,Tue,Wed,Thu,Fri,Sat",00:00,09:00,Always,,,,,According to General Settings,,,,,,,Script,,Administrator,HIGH
Advanced Policy,Application Policy for GTCiktiHazirlama,430 (Normal),"This Application Policy elevate users, which registered at     HYS record, for the GT-Cikti Hazirlama.",Elevate,Yes,No,"PGEMAPPDOC01,PGEMAPPDOC02,PGEMAPPDOC03,PGEMAPPDOC04",,,,USR_SRV_GTEK_GTVPOCiktiHazirlama,Now,,,,,,Always,,,,,According to General Settings,,"[IMPORTED] [IMPORTED] Launch with elevated privileges (1),[IMPORTED] [IMPORTED] Launch with elevated privileges (1)",,,,,Executable,,Administrator,HIGH
Advanced Policy,Application Policy for GTAcikSistemlerVeritabani,430 (Normal),"This Application Policy elevate users, which registered at 58397740 HYS record, for the Ecat Agent Installation Package and Uninstallation Package.",Elevate,Yes,Yes,,,,,"Group ""USR_SRV_GAR_GTVPYTOAcikSistemlerVeritabani"",Group ""USR_SRV_GTEK_GTVPOAcikSistemlerVeritabani"",Gteknoloji\USR_SRV_GTEK_GTVPYTOAcikSistemlerVeritabani,Gteknoloji\yasinta1",Now,,,,,,Always,,,,,According to General Settings,,,,,,,Executable,,Administrator,HIGH
Advanced Policy,New PolicyApplication Policy for GTDijitalIsYeriMobiliteTeknolojileri_ownservers,430 (Normal),76180925,Elevate,No,No,,,,,USR_SRV_GTEK_GTVPOMobilveUcKullaniciTeknolojileri,Manually,,,,,,Always,,,,,According to General Settings,,"Elevate Notification,Elevate Notification",,,,,Executable,,Administrator,MEDIUM
Advanced Policy,Application Policy for GTGuvenlikLogYonetimi_All Servers,430 (Normal),"This Application Policy elevate users, which registered in 58397740 HYS record, for Running of Guardium Script.
This Application Policy elevate users, which registered in 58397740 HYS record, for Running of Resource Monitor.
This Application Policy elevate users, which registered at 58397740 HYS record, for the Splunk Installation Package.
This Application Policy elevate users, which registered at  58397740 HYS record, for the Splunk
This Application Policy elevate users, which registered at  63872713 and  
78685058  HYS record, for the Change Auditor
79565906",Elevate,Yes,Yes,,,,,".\gmklogyonetim,Group ""USR_SRV_GAR_GTMGBTGuvenlikLogYonetimiveAnalitigi"",Gteknoloji\USR_SRV_GTEK_GTBTGRYGuvenlikLogYonetimiveAnalitigi,IPCC\USR_SRV_IPCC_GTMGBTGuvenlikLogYonetimiveAnalitigi",Now,,,,,,Always,,,,,According to General Settings,,"[IMPORTED] [IMPORTED] [IMPORTED] [IMPORTED] Launch with elevated,[IMPORTED] [IMPORTED] [IMPORTED] [IMPORTED] Launch with elevated",,,,,Script,,Administrator,HIGH
Advanced Policy,Application Policy for GarantiYatirimFintechOrtami,430 (Normal),"80050862 - serviceyatirimdestek
80751822
81984374 - USR_SRV_GTEK_GTYatirimThirdPartyUsers
6342488 - psmtsuser
6327913",Elevate,Yes,No,"PGMKWEBFIN02,PGMKWEBFIN01,PGMKAPPFIN01OLD,PGMKAPPFIN01,PGMKAPPFIN02",,,,".\psmmatriksuser,.\psmtsuser,User ""Serviceyatirimdestek"",Group ""USR_SRV_GTEK_GTYatirimThirdPartyUsers""",Now,,,,,,Always,,,,,According to General Settings,,,,,,,Executable,,Administrator,MEDIUM
Advanced Policy,Application Permission Policy for ServiceTwsGyb (GT-Hazine ve Yatirim Bankaciligi Rezilyans Yonetimi),430 (Normal),8256001,Elevate,Yes,No,PGMKAPPBAP01,,,,GARANTI\ServiceTwsGyb,Now,,,,,,Always,,,,,According to General Settings,,"Launch with elevated privileges,Launch with elevated privileges",,,,,Executable,,Administrator,MEDIUM
Advanced Policy,Application Policy for GAR_GTVPYTOCiktiHazirlama,430 (Normal),6373247,Elevate,Yes,No,PGEMAPPDOC02,,,,USR_SRV_GAR_GTVPYTOCiktiHazirlama,Now,,,,,,Always,,,,,According to General Settings,,"Launch with elevated privileges,Launch with elevated privileges",,,,,Executable,,Administrator,HIGH
Advanced Policy,Application Policy for GTVPYTOCiktiHazirlama,430 (Normal),7150742,Elevate,Yes,No,PGEMAPPDOC01,,,,USR_SRV_GTEK_GTVPOCiktiHazirlama,Now,,,,,,Always,,,,,According to General Settings,,"Launch with elevated privileges,Launch with elevated privileges",,,,,Executable,,Administrator,LOW
Advanced Policy,Application Policy For USR_SRV_GAR_GTBTGRYKimlikveErisimYonetimi,430 (Normal),7362583,Elevate,Yes,Yes,,,,,USR_SRV_GAR_GTBTGRYKimlikveErisimYonetimi,Now,,,,,,Always,,,,,According to General Settings,,"Launch with elevated privileges,Launch with elevated privileges",,,,,Executable,,Administrator,HIGH
Advanced Policy,Application Policy For HazineVeYatirimBankaciligiRezilyansYonetimi,430 (Normal),82036281 -12216095,Elevate,Yes,No,"YatirimRezilyansYetkilendirme,PGMKAPPAPI01,PGMKAPPAPI03,PGMKXFRFIX02,PGMKGTPBAS05,PGMKAPPFIN01,PGMKAPPFIN02",,,,"Group ""USR_SRV_GAR_GTSRSHazineVeYatirimBankaciligiRezilyansYonetimi"",Group ""USR_SRV_GTEK_GTSRSHazineVeYatirimBankaciligiRezilyansYonetimi""",Now,,,,,,Always,,,,,According to General Settings,,"[IMPORTED] Elevate Notification (4),[IMPORTED] Elevate Notification (4)",,,,,Executable,,Administrator,MEDIUM
Advanced Policy,Application Policy for KimlikVeErisimYonetimi,430 (Normal),7378480,Elevate,Yes,No,PFINAPPADM02,,,,USR_SRV_GTEK_GTKGKimlikVeErişimYonetimi,Now,,,,,,Always,,,,,According to General Settings,,"Launch with elevated privileges,Launch with elevated privileges",,,,,Executable,,Administrator,LOW
Advanced Policy,Application Policy for GTDijitalIsYeriMobiliteTeknolojileri,430 (Normal),71509409,Elevate,Yes,Yes,,,,,"Group ""USR_SRV_GAR_GTVPYTOMobilveUcKullaniciTeknolojileri"",Group ""USR_SRV_GTEK_GTVPOMobilveUcKullaniciTeknolojileri""",Now,,,,,,Always,,,,,According to General Settings,,"Launch with elevated privileges,Launch with elevated privileges",,,,,Script,,Administrator,HIGH
Advanced Policy,Application Policy for UnixUygulamaYonetimi,430 (Normal),68879053,Elevate,No,No,,,,,GTEKNOLOJI\USR_SRV_GTEK_GTVPYTOUnixUygulamaYonetimi,Manually,,,,,,Always,,,,,Never,,"Launch with elevated privileges,Launch with elevated privileges",,,,,Script,,Administrator,HIGH
Advanced Policy,Application Policy for GPYBilgiIslem,430 (Normal),71607946,Elevate,No,No,,,,,"User ""EPMtestuser"",GARANTI\SKockan1,GARANTI\Sgunindi1,Group ""USR_SRV_GAR_GPYBilgiIslem"",Group ""USR_SRV_GTEK_GPYBilgiIslem""",Manually,,,,,,Always,,,,,According to General Settings,,"Launch with elevated privileges,Launch with elevated privileges",,,,,Executable,,Administrator,HIGH
Advanced Policy,Application Policy for GT-Dijital Is Yeri Ve Iletisim-Teknik Mimarlar,430 (Normal),,Elevate,Yes,No,PGFLAPPCGF01OLD,,,,"Group ""USR_SRV_GAR_GTVPYTOIntelPlatformYonetimiTeknikMimarlar"",Group ""USR_SRV_GTEK_GTVPYTOIntelPlatformYonetimiTeknikMimarlar""",Now,,,,,,Always,,,,,According to General Settings,,"[IMPORTED] Launch with elevated privileges (2),[IMPORTED] Launch with elevated privileges (2)",,,,,Executable,,Administrator,MEDIUM
Advanced Policy,Application Policy for GTBackup,430 (Normal),"This Application Policy elevate users, which registered at {proje numarası} HYS record, for the gacutil.exe",Elevate,Yes,Yes,,,,,"Group ""USR_SRV_GAR_GTVPYTODepolamaAcikSistemler"",Group ""USR_SRV_GAR_GTVPYTOIsHazirlama"",Group ""USR_SRV_GTEK_GTVPODepolamaAcikSistemler"",Group ""USR_SRV_GTEK_GTVPOIsHazirlama"",IPCC\volkanate1",Now,,,,,,Always,,,,,According to General Settings,,,,,,,Executable,,Administrator,HIGH
Advanced Policy,Application Policy for GTKimlikveErisimYonetimi,430 (Normal),,Elevate,No,No,,,,,"Group ""ADM_GT_AccAdm"",Group ""USR_SRV_GAR_GTBTGRYUCNoktaGuvenlikveIzleme"",Group ""ADM_GT_AccAdm"",User ""Gokhan Akinci""",Manually,,,,,,Always,,,,,According to General Settings,,"Launch with elevated privileges,Launch with elevated privileges",,,,,Executable,,Administrator,MEDIUM
Advanced Policy,Test_Serkan,430 (Normal),,Elevate,Yes,No,,,,,"gteknoloji\gokhanak1,gteknoloji\serkanoz1",Now,,,,,,Always,,,,,Never,,"Launch with elevated privileges,Launch with elevated privileges",,,,,Executable,,Administrator,LOW
Advanced Policy,Application Policy for GTUcNoktaGuvenlikVeIzleme,430 (Normal),,Elevate,No,No,,,,,ADM_GT_AccAdm,Manually,,,,,,Always,,,,,According to General Settings,,"Launch with elevated privileges,Launch with elevated privileges",,,,,Executable,,Administrator,HIGH
Advanced Policy,Application Policy for Matriksuser (Garanti Yatirim),430 (Normal),"76082682 
81124214",Elevate,Yes,No,"PGMKAPPFIX02,PGMKAPPOMS02,PGMKAPPAPI01,PGMKAPPENT04,PGMKAPPOMS01,PGMKAPPFIX01,PGMKAPPAPI03,PGMKAPPFIX03",,,,.\matriksuser,Now,,,,,,Always,,,,,According to General Settings,,"[IMPORTED] Elevate Notification (1),[IMPORTED] Elevate Notification (1)",,,,,Executable,,Administrator,MEDIUM
Advanced Policy,Application Policy for GTBackup_CommVault,430 (Normal),,Elevate,Yes,Yes,,,,,"Group ""USR_SRV_GAR_GTVPYTODepolamaAcikSistemler"",Group ""USR_SRV_GTEK_GTVPODepolamaAcikSistemler""",Now,,,,,,Always,,,,,According to General Settings,,"Launch with elevated privileges,Launch with elevated privileges",,,,,Executable,,Administrator,HIGH
Advanced Policy,Application Policy for GT-Service Control Center (SCC),430 (Normal),74306220,Elevate,Yes,Yes,,,,,"Group ""USR_SRV_GAR_GTUOServiceControlCenter"",GBEXTERNAL\USR_SRV_GBEXT_GTUOServiceControlCenter,GTDMZ\USR_SRV_GTDMZ_GTUOServiceControlCenter,GTEKNOLOJIDMZ\USR_SRV_GTEKDMZ_GTUOServiceControlCenter,GTEKNOLOJI\USR_SRV_GTEK_GTUOServiceControlCenter,IPCCTEST\USR_SRV_IPCCTST_GTUOServiceControlCenter,IPCC\USR_SRV_IPCC_GTUOServiceControlCenter,OID\GT-Service Control Center,Takasnet\USR_SRV_TKS_GTUOServiceControlCenter",Now,,,,,,Always,,,,,According to General Settings,,"[IMPORTED] Elevate Notification,[IMPORTED] Elevate Notification",,,,,Script,,Administrator,HIGH
Advanced Policy,Application Policy for GTDijitalIsYeriMobiliteTeknolojileri_Own Servers,430 (Normal),,Elevate,No,No,,,,,"Group ""USR_SRV_GAR_GTVPYTOMobilveUcKullaniciTeknolojileri"",Group ""USR_SRV_GTEK_GTVPOMobilveUcKullaniciTeknolojileri""",Manually,,,,,,Always,,,,,According to General Settings,,,,,,,Script,,Administrator,HIGH
Advanced Policy,Application Permission for Uygulama Servisleri Rezilyans Yönetimi - 2,430 (Normal),12485698-,Elevate,Yes,No,"PGEMAPPSES05,PGEMAPPSES06",,,,GTEKNOLOJI\USR_SRV_GTEK_GTSRSFinansalSirketlerRezilyansYonetimi,Now,,,,,,Always,,,,,According to General Settings,,"Launch with elevated privileges,Launch with elevated privileges",,,,,Executable,,Administrator,HIGH
Advanced Policy,Application Permission for Dijital Kanallar ve Crm,430 (Normal),12688139- 14054902 -,Elevate,Yes,No,PTEKTWS22,,,,"User ""ServiceTwsGem"",GTEKNOLOJI\servicetwsprod",Now,,,,,,Always,,,,,According to General Settings,,,,,,,Executable,,Administrator,LOW
Advanced Policy,Application Permission for Kurumsal Altyapılar Güvenliği (1),430 (Normal),13502549-,Elevate,Yes,No,"PGMKAPPQST01,PGPYAPPQST01,PGEMAPPQST01,PGOHAPPQST01,PGMKAPPQST03",,,,"EMEKLILIK\USR_SRV_GEM_GTKGSiberGuvenlikLogYonetimi,Group ""USR_SRV_GAR_GTKGSiberGuvenlikLogYonetimi"",GOHAS\USR_SRV_GOH_GTKGSiberGuvenlikLogYonetimi,GTEKNOLOJIDMZ\USR_SRV_GTEKDMZ_GTKGSiberGuvenlikLogYonetimi,GTEKNOLOJI\USR_SRV_GTEK_GTKGSiberGuvenlikLogYonetimi,YATIRIM\USR_SRV_GMK_GTKGSiberGuvenlikLogYonetimi",Now,,,,,,Always,,,,,According to General Settings,,"Launch with elevated privileges,Launch with elevated privileges",,,,,Executable,,Administrator,HIGH
Advanced Policy,Application Permission for Uygulama Servisleri Rezilyans Yönetimi - 2 (1),430 (Normal),14068124 -,Elevate,Yes,No,PTEKAPPGEM02,,,,USR_SRV_GAR_GTSRSMusteriIliskileriVeSurecOtomasyonRezilyansYonet,Now,,,,,,Always,,,,,According to General Settings,,"Launch with elevated privileges,Launch with elevated privileges",,,,,AdminTask,,Administrator,MEDIUM
Advanced Policy,Application Permission for Siber Savunma Merkezi,430 (Normal),14072816 -,Elevate,Yes,No,"PGMKAPPAPI01,PGARAPPMVY01",,,,"Group ""USR_SRV_GAR_GTKGSiberGuvenlikSavunmaTeknolojileri"",GTEKNOLOJIDMZ\USR_SRV_GTEKDMZ_GTKGSiberGuvenlikSavunmaTeknolojileri",Now,,,,,,Always,,,,,According to General Settings,,"Launch with elevated privileges,Launch with elevated privileges",,,,,Executable,,Administrator,MEDIUM
Advanced Policy,Application Permission for Siber Savunma Merkezi (2),430 (Normal),13934627 -,Elevate,Yes,Yes,,,,,"User ""BladeLogicRSCDDC"",User ""Ozay Ozkaya1""",Now,,,,,,Always,,,,,According to General Settings,,"Launch with elevated privileges,Launch with elevated privileges",,,,,Executable,,Administrator,HIGH
Advanced Policy,Application Permission for Bulut Altyapı ve Veri Saklama Teknolojileri,430 (Normal),14220634 -,Elevate,Yes,No,PGMKAPPVPR01,,,,USR_SRV_GAR_GTAIIsSurekliligiTeknolojileri,Now,,,,,,Always,,,,,According to General Settings,,"Launch with elevated privileges,Launch with elevated privileges",,,,,Executable,,Administrator,HIGH
Advanced Policy,Application Permission for Bulut Altyapı ve Veri Saklama Teknolojileri (1),430 (Normal),14199960 -,Elevate,Yes,Yes,,,,,USR_SRV_GAR_GTAIIsSurekliligiTeknolojileri,Now,,,,,,Always,,,,,According to General Settings,,"Launch with elevated privileges,Launch with elevated privileges",,,,,Executable,,Administrator,HIGH
Advanced Policy,Application Permission for Bulut Middleware ve Platform Teknolojileri (1),430 (Normal),13877076 -,Elevate,Yes,No,PGARAPPACX02,,,,USR_SRV_GAR_GTAIBulutUygulamaTeknolojileri,Now,,,,,,Always,,,,,According to General Settings,,"Launch with elevated privileges,Launch with elevated privileges",,,,,AdminTask,,Administrator,MEDIUM
Advanced Policy,Application Permission for Bulut Middleware ve Platform Teknolojileri (2),430 (Normal),14355222 -,Elevate,Yes,No,OGMKAPPFIX04,,,,GTEKNOLOJI\Serviceyatirimdestek,Now,,,,,,Always,,,,,According to General Settings,,"Launch with elevated privileges,Launch with elevated privileges",,,,,Executable,,Administrator,MEDIUM
Advanced Policy,Application Permission for BT Kontrol ve Sürekli İzleme,430 (Normal),14283108 -,Elevate,Yes,Yes,,,,,"GTEKNOLOJIDMZ\USR_SRV_GTEKDMZ_GTSRSServiceControlCenter,GTEKNOLOJIDMZ\USR_SRV_GTEKDMZ_GTUOServiceControlCenter,GTEKNOLOJI\USR_SRV_GTEK_GTSRSServiceControlCenter,GTEKNOLOJI\USR_SRV_GTEK_GTUOServiceControlCenter",Now,,,,,,Always,,,,,According to General Settings,,"Launch with elevated privileges,Launch with elevated privileges",,,,,AdminTask,,Administrator,MEDIUM
Advanced Policy,Application Permission for Kurumsal Altyapılar Güvenliği (2),430 (Normal),14494169 -,Elevate,Yes,No,PGPYMGMPAU01,,,,USR_SRV_GAR_GTKGGuvenlikPlatformlari,Now,,,,,,Always,,,,,According to General Settings,,"Launch with elevated privileges,Launch with elevated privileges",,,,,MSI,,Administrator,HIGH
Advanced Policy,Application Permission for Bulut Middleware ve Platform Teknolojileri,430 (Normal),13877048 -,Elevate,Yes,No,PGARAPPACX01,,,,USR_SRV_GAR_GTAIBulutUygulamaTeknolojileri,Now,,,,,,Always,,,,,According to General Settings,,"Launch with elevated privileges,Launch with elevated privileges",,,,,AdminTask,,Administrator,MEDIUM
Advanced Policy,Application Permission for Siber Savunma Merkezi (1),430 (Normal),13985275-13987362-14131453-14175212,Elevate,Yes,Yes,,,,,"Group ""USR_SRV_GAR_GTKGSiberGuvenlikSavunmaTeknolojileri"",GTDMZ\USR_SRV_GTDMZ_GTKGSiberGuvenlikSavunmaTeknolojileri,GTEKNOLOJI\USR_SRV_GTEK_GTKGSiberGuvenlikSavunmaTeknolojileri",Now,,,,,,Always,,,,,According to General Settings,,"[IMPORTED] Launch with elevated privileges (7),[IMPORTED] Launch with elevated privileges (7)",,,,,Executable,,Administrator,HIGH
Advanced Policy,Application Permission for Kurumsal Altyapılar Güvenliği (3),430 (Normal),14584548,Elevate,Yes,Yes,,,,,"DIJITALVARLIK\USR_SRV_DAS_GTKGSiberGuvenlikLogYonetimi,EMEKLILIK\USR_SRV_GEM_GTKGSiberGuvenlikLogYonetimi,Group ""USR_SRV_GAR_GTKGGuvenlikVeRegulasyonLogYonetimi_Outsource"",Group ""USR_SRV_GAR_GTKGSiberGuvenlikLogYonetimi"",GBEXTERNAL\USR_SRV_GBEXT_GTKGSiberGuvenlikLogYonetimi,GOHAS\USR_SRV_GOH_GTKGSiberGuvenlikLogYonetimi,GTEKNOLOJIDMZ\USR_SRV_GTDMZ_GTKGSiberGuvenlikLogYonetimi,GTEKNOLOJIDMZ\USR_SRV_GTEKDMZ_GTKGSiberGuvenlikLogYonetimi,GTEKNOLOJI\USR_SRV_GTEK_GTKGSiberGuvenlikLogYonetimi,IPCC\USR_SRV_IPCC_GTKGSiberGuvenlikLogYonetimi,OID\USR_SRV_OID_GTKGSiberGuvenlikLogYonetimi,SALTONLINE\USR_SRV_SALT_GTKGSiberGuvenlikLogYonetimi,TAKASNET\USR_SRV_TKS_GTKGSiberGuvenlikLogYonetimi,TEKNOLOJI\USR_SRV_TEK_GTKGSiberGuvenlikLogYonetimi,YATIRIM\USR_SRV_GMK_GTKGSiberGuvenlikLogYonetimi",Now,,,,,,Always,,,,,According to General Settings,,"Launch with elevated privileges,Launch with elevated privileges",,,,,MSI,,Administrator,HIGH
Advanced Policy,Application Permission for Uygulama Servisleri Rezilyans Yönetimi - 2 (2),430 (Normal),14942812 -,Elevate,Yes,No,PGFKFTPSTA01,,,,USR_SRV_GAR_GTSRSMusteriIliskileriVeSurecOtomasyonRezilyansYonet,Now,,,,,,Always,,,,,According to General Settings,,"Launch with elevated privileges,Launch with elevated privileges",,,,,AdminTask,,Administrator,MEDIUM
Advanced Policy,Application Permission Policy for Uygulama Servisleri Rezilyans Yönetimi,430 (Normal),9037199,Elevate,No,No,,,,,USR_SRV_GAR_GTSRSMusteriIliskileriVeSurecOtomasyonRezilyansYonet,Manually,,,,,,Always,,,,,According to General Settings,,"Launch with elevated privileges,Launch with elevated privileges",,,,,AdminTask,,Administrator,MEDIUM
Advanced Policy,Application Permission Policy for Uygulama Servisleri Rezilyans Yönetimi - 2,430 (Normal),9159708-10940614,Elevate,Yes,No,GEMSESP07,,,,USR_SRV_GTEK_GTSRSFinansalSirketlerRezilyansYonetimi,Now,,,,,,Always,,,,,According to General Settings,,"Launch with elevated privileges,Launch with elevated privileges",,,,,AdminTask,,Administrator,MEDIUM
Advanced Policy,Application Permission Policy for Uygulama Servisleri Rezilyans Yönetimi - 2 (2),430 (Normal),9238688,Elevate,No,No,,,,,USR_SRV_GTEK_GTSRSFinansalSirketlerRezilyansYonetimi,Manually,,,,,,Always,,,,,According to General Settings,,"Launch with elevated privileges,Launch with elevated privileges",,,,,Executable,,Administrator,MEDIUM
Advanced Policy,Application Policy Permission GTSRSFinansalSirketlerRezilyansYonetimi,430 (Normal),9360452,Elevate,No,No,,,,,USR_SRV_GTEK_GTSRSFinansalSirketlerRezilyansYonetimi,Manually,,,,,,Always,,,,,According to General Settings,,"Launch with elevated privileges,Launch with elevated privileges",,,,,Executable,,Administrator,HIGH
Advanced Policy,Application Permission Policy for Uygulama Servisleri Rezilyans Yönetimi - 2 (1),430 (Normal),9161080-12486517,Elevate,Yes,No,"PGEMWEBSTE03,PGEMWEBSTE04",,,,USR_SRV_GTEK_GTSRSFinansalSirketlerRezilyansYonetimi,Now,,,,,,Always,,,,,According to General Settings,,"Launch with elevated privileges,Launch with elevated privileges",,,,,AdminTask,,Administrator,MEDIUM
Advanced Policy,Application Policy for GT Uygulama Servisleri Rezilyans Yönetimi - 2,430 (Normal),10323103,Elevate,Yes,No,"PFINWEBKON01,PFINWEBKON02",,,,USR_SRV_GTEK_GTSRSFinansalSirketlerRezilyansYonetimi,Now,,,,,,Always,,,,,According to General Settings,,"Launch with elevated privileges,Launch with elevated privileges",,,,,AdminTask,,Administrator,MEDIUM
Advanced Policy,Application Policy for Güvenlik Operasyonları,430 (Normal),10328037-10360075-13568678,Elevate,Yes,No,"PGEMMGMPAU01,PDASMGMPAU01,PGOHMGMPAU01",,,,"DIJITALVARLIK\USR_SRV_DAS_GTKGGuvenlikPlatformlari,EMEKLILIK\USR_SRV_GEM_GTKGGuvenlikPlatformlari,GOHAS\USR_SRV_GOH_GTKGGuvenlikPlatformlari",Now,,,,,,Always,,,,,According to General Settings,,"Launch with elevated privileges,Launch with elevated privileges",,,,,MSI,,Administrator,HIGH
Advanced Policy,Application Policy For Bulut Middleware ve Platform Teknolojileri,430 (Normal),10336175-,Elevate,Yes,No,"PGOHAPPDMZ01,PGOHAPPDMZ02,PGOHWEBDMZ02,PGOHWEBDMZ01",,,,GOHAS\USR_SRV_GOH_GTAIBulutUygulamaTeknolojileri,Now,,,,,,Always,,,,,According to General Settings,,"Launch with elevated privileges,Launch with elevated privileges",,,,,AdminTask,,Administrator,MEDIUM
Advanced Policy,Application Policy for Uygulama Servisleri Rezilyans Yönetimi - 2,430 (Normal),11104886-11506369-12132907-,Elevate,Yes,No,"PGEMAPPOUT02,PGEMAPPOUT01,OGEMAPPOUT01,OGEMAPPOUT02",,,,GTEKNOLOJI\USR_SRV_GTEK_GTSRSFinansalSirketlerRezilyansYonetimi,Now,,,,,,Always,,,,,According to General Settings,,"Launch with elevated privileges,Launch with elevated privileges",,,,,AdminTask,,Administrator,MEDIUM
Advanced Policy,Application Permission for Kurumsal Altyapılar Güvenliği,430 (Normal),11405630-,Elevate,No,No,,,,,GOHAS\USR_SRV_GOH_GTKGGuvenlikPlatformlari,Manually,,,,,,Always,,,,,According to General Settings,,"Launch with elevated privileges,Launch with elevated privileges",,,,,MSI,,Administrator,HIGH
Advanced Policy,Application Permission for Uygulama Servisleri Rezilyans Yönetimi,430 (Normal),11738629-,Elevate,Yes,No,PGMKWEBGTP01,,,,ServiceBuild,Now,,,,,,Always,,,,,According to General Settings,,"Launch with elevated privileges,Launch with elevated privileges",,,,,Executable,,Administrator,MEDIUM
Advanced Policy,Application Permission  for GT SRS-Uygulama Servisleri Rezilyans Yönetimi,430 (Normal),11961125,Elevate,Yes,Yes,,,,,GTEKDMZ\USR_SRV_GTEKDMZ_GTSRSYatirimBankaciligiRezilyansYonetimi,Now,,,,,,Always,,,,,According to General Settings,,"Launch with elevated privileges,Launch with elevated privileges",,,,,AdminTask,,Administrator,MEDIUM
Advanced Policy,Application Permission Policy for GT Aİ-Bulut Altyapı ve Veri Saklama Teknolojileri,430 (Normal),8678597-12102905-12753982,Elevate,Yes,Yes,,,,,"DIJITALVARLIK\USR_SRV_DAS_GTAIBulutVeriSaklamaTeknolojileri,Group ""USR_SRV_GAR_GTAIBulutVeriSaklamaTeknolojileri"",GARANTI\USR_SRV_GAR_GTAIIsSurekliligiTeknolojileri,GBEXTERNAL\USR_SRV_GBEXT_GTAIBulutVeriSaklamaTeknolojileri,GOHAS\USR_SRV_GOH_GTAIBulutVeriSaklamaTeknolojileri,GTDMZ\USR_SRV_GTDMZ_GTAIIsSurekliligiTeknolojileri,GTEKNOLOJIDMZ\USR_SRV_GTEKDMZ_GTAIBulutVeriSaklamaTeknolojileri,GTEKNOLOJIDMZ\USR_SRV_GTEKDMZ_GTAIIsSurekliligiTeknolojileri,GTEKNOLOJI\USR_SRV_GTEK_GTAIBulutVeriSaklamaTeknolojileri,GTEKNOLOJI\USR_SRV_GTEK_GTAIIsSurekliligiTeknolojileri,IPCC\USR_SRV_IPCC_GTAIBulutVeriSaklamaTeknolojileri,TAKASNET\USR_SRV_TKS_GTAIBulutVeriSaklamaTeknolojileri,TAKASNET\USR_SRV_TKS_GTAIIsSurekliligiTeknolojileri",Now,,,,,,Always,,,,,According to General Settings,,"[IMPORTED] Launch with elevated privileges (4),[IMPORTED] Launch with elevated privileges (4)",,,,,Executable,,Administrator,MEDIUM
Advanced Policy,Application Permission for Uygulama Servisleri Rezilyans Yönetimi (1),430 (Normal),12210535-,Elevate,Yes,No,"PGMKWEBCRM01,PGMKWEBCRM02,PGMKCRMREP01,PGMKCRMREP02,PGMKSQLCRMN1,PGMKSQLCRMN2,PGMKAPPBAP01,PGMKSQLFXPN01,PGMKSQLVOP01,PGMKFTPSTA01,PGMKSQLARC02,PGMKSQLKORN04,PGMKSQLKORN03,PGMKWEBFIN02,PGMKWEBFIN01,PGMKAPPFIN01OLD,PGMKAPPFIX02,PGMKAPPFIL01,PGMKAPPFIL02,PGMKAPPOMS02,PGMKAPPAPI01,PGMKAPPENT04,PGMKAPPOMS01,PGMKAPPFIX01,PGMKWEBGTP02,PGMKWEBGTP01,PGMKAPPQST01,PGMKAPPAPI03,PGMKAPPFIX03,PGMKAPPOMS03,PGMKAPPGYW01,PGMKAPPGYA03,PGMKAPPGYW02,PGMKFPSWIT01,PGMKUNGIMR01,PGMKUNGIMR02,PGMKCSCIMR02,PGMKCSCIMR01,PGMKAPPIMR01,PGMKSQLSESN01,PGMKSQLSESN02,PGMKXFRFIX01,PGMKXFRFIX02,PGMKAPPXFR01,PGMKAPPXFR02,PGMKXFRTSS01,PGMKXFRTSS02,PGMKMGMTWS01,PGMKSQLFXPN02,PGMKGTPBAS05,PGMKGTPBAS06,PGMKSQLTRM01,PGMKAPPQST03,PGMKGTPBAS03,PGMKGTPBAS04,PGMKGTPBAS01,PGMKGTPBAS02,PGMKAPPBST01,PGMKAPPBST02,PGMKAPPFUI01,PGMKAPPFUI02,PGMKSQLARCN01,PGMKSQLARCN02,PGMKADSMNG01,PGMKAPPTSS01,PGMKGTPTSS01,PGMKWEBCRM03,PGMKWEBCRM04,PGMKAPPCRM02,PGMKAPPCRM01,PGMKGTPEXA01,PGMKGTPEXA02,PGMKGTPFRM02,PGMKAPPGTP01,PGMKGTPREP03,PGMKGTPREP02,PGMKMTXVIO02,PGMKAPPCMS01,PGMKAPPCMS02,PGMKWEBKON01,PGMKWEBKON02,PGMKMGMCCM02,PGMKMGMCCM01,PGMKAPPCGF01OLD,PGMKWEBKON03,PGMKDMZMS04,PGMKWEBKON04,PGMKDMZMS01,PGMKDMZMS02,PGMKDMZMS03,PGMKSQLCRMN01,PGMKSQLCRMN02,PGMKSQLGTPN04,PGMKSQLGTPN05,PGMKSQLGTPN06,PGMKGTPBAS07,PGMKGTPBAS08,PGMKMTXET01,PGMKAPPSPR01,PGMKMTXET02,PGMKAPPGYA02,PGMKAPPNLU02,PGMKWEBSWB02,PGMKAPPSSR01,PGMKAPPLIC01,PGMKAPPTTS04,PGMKMTXET04,PGMKMTXET03,PGMKGTPBAS09,PGMKGTPBAS10,PGMKMAGE01,PGMKCVPVXS04,PGMKCVPVXS03,PGMKGTPTSS02,PGMKGTPBAS11,PGMKGTPBAS12,PGMKCVPVXS01,PGMKAPPFIN01,PGMKAPPFIN02",,,,"Group ""USR_SRV_GAR_GTSRSYatirimBankaciligiRezilyansYonetimi"",GTEKNOLOJIDMZ\USR_SRV_GTEKDMZ_GTSRSYatirimBankaciligiRezilyansYonetimi,GTEKNOLOJI\USR_SRV_GTEK_GTSRSYatirimBankaciligiRezilyansYonetimi",Now,,,,,,Always,,,,,According to General Settings,,"Launch with elevated privileges,Launch with elevated privileges",,,,,AdminTask,,Administrator,MEDIUM
Advanced Policy,Application Permission Policy for GT SRS-Uygulama Servisleri Rezilyans Yönetimi,430 (Normal),12344807,Elevate,Yes,No,"PTEKWEB01,PTEKWEB02",,,,USR_SRV_GAR_GTSRSMusteriIliskileriVeSurecOtomasyonRezilyansYonet,Now,,,,,,Always,,,,,According to General Settings,,"Launch with elevated privileges,Launch with elevated privileges",,,,,AdminTask,,Administrator,MEDIUM
Advanced Policy,Elevation Policy For PGEMSQLCCM01,440 (Normal),,Trust Source,No,No,,,,,Gteknoloji\srv_ccmp,Manually,,,,,,Always,,,,,According to General Settings,No,,Yes,,,,,,,
Advanced Policy,Trusted Application Policy for GTVPYTOIntelUygulamaYonetimi,440 (Normal),,Trust Source,Yes,Yes,,,,,USR_SRV_GTEK_GTVPYTOIntelUygulamaYonetimi,Now,,,,,,Always,,,,,According to General Settings,No,,No,,,,Executable,,Administrator,HIGH
Advanced Policy,File Permissions Policy for GTVPYTOInteluygulamaYonetimi,450 (Normal),77882318 - SCC Yetkilendirmeleri-12481617,Set Security Permissions,Yes,Yes,,,,,"DIJITALVARLIK\USR_SRV_DAS_GTAIBulutUygulamaTeknolojileri,Group ""USR_SRV_GAR_GTUOServiceControlCenter"",Group ""USR_SRV_GAR_GTVPYTOIntelUygulamaYonetimi"",GOHAS\USR_SRV_GOH_GTAIBulutUygulamaTeknolojileri,GTEKNOLOJIDMZ\USR_SRV_GTEKDMZ_GTAIBulutUygulamaTeknolojileri,Group ""USR_SRV_GTEK_GTUOServiceControlCenter"",Group ""USR_SRV_GTEK_GTVPYTOIntelUygulamaYonetimi""",Now,,,,,,Always,,,,,,,,,,,Allow Full Control,FSEntry,,,LOW
Advanced Policy,Services Permissions Policy for GarantiYatirim,450 (Normal),"This Security Policy elevate users to start/stop, which registered in 
78114839 
78088828 
81984374
6342488
6327913",Set Security Permissions,Yes,No,"PGMKAPPBAP01,PGMKAPPFIL01,PGMKAPPFIL02,PGMKWEBGTP02,PGMKWEBGTP01",,,,".\psmmatriksuser,.\psmtsuser,.\yatirimdestek,User ""Serviceyatirimdestek"",Group ""USR_SRV_GTEK_GTYatirimThirdPartyUsers"",Group ""USR_SRV_GTEK_GYatirimSistemGelistirme"",GTEKNOLOJI\srv_piyasayapiciligi,Garanti\Serviceyatirimdestek",Now,,,,,,Always,,,,,,,,,,,Allow Full Control,Service,,,LOW
Advanced Policy,File Permissions Policy for GarantiYatirim,450 (Normal),"78114839 
78088828
81984374
6342488
6327913
8677514
10435576",Set Security Permissions,Yes,No,"PGMKAPPBAP01,PGMKAPPFIL01,PGMKAPPFIL02,PGMKWEBGTP02,PGMKWEBGTP01,PGMKGTPBAS05,PGMKGTPBAS06,PGMKAPPFUI01,PGMKGTPBAS07,PGMKGTPBAS08,PGMKGTPBAS09,PGMKGTPBAS10",,,,".\psmmatriksuser,.\psmtsuser,User ""Serviceyatirimdestek"",Group ""USR_SRV_GTEK_GTYatirimThirdPartyUsers"",Group ""USR_SRV_GTEK_GYatirimSistemGelistirme"",GTEKNOLOJI\srv_piyasayapiciligi,Garanti\Serviceyatirimdestek",Now,,,,,,Always,,,,,,,,,,,Allow Full Control,FSEntry,,,LOW
Advanced Policy,Service Permission Policy for GuvenlikTehditYonetimi,450 (Normal),,Set Security Permissions,Yes,Yes,,,SRV_GTEK_GTGRYGuvenlikTehditYonetimi,,USR_SRV_GTEK_GTGRYGuvenlikTehditYonetimi,Now,,,,,,Always,,,,,,,,,,,Allow Full Control,Service,,,LOW
Advanced Policy,File Permission Policy for GT2.SeviyeDestek ve Yazilim Dagitim,450 (Normal),,Set Security Permissions,Yes,Yes,,,,,"Group ""USR_SRV_GAR_GTVPYTO2SeviyeDestekveYazilimDagitim"",Group ""USR_SRV_GAR_GTVPYTOYazilimDagitim"",GTEKNOLOJI\USR_SRV_GTEK_GTVPO2SeviyeDestekveYazilimDagitim,Group ""USR_SRV_GTEK_GTVPYTOYazilimDagitim""",Now,,,,,,Always,,,,,,,,,,,Allow Full Control,FSEntry,,,LOW
Advanced Policy,File Policy for UnixUygulamaYonetimi,450 (Normal),68879053,Set Security Permissions,No,No,,,,,USR_SRV_GTEK_GTVPOUnixUygulamaYonetimi,Manually,,,,,,Always,,,,,,,,,,,Allow Full Control,FSEntry,,,LOW
Advanced Policy,Service Policy for UnixUygulamaYonetimi,450 (Normal),68879053,Set Security Permissions,Yes,No,,,,,USR_SRV_GTEK_GTVPOUnixUygulamaYonetimi,Now,,,,,,Always,,,,,,,,,,,Allow Full Control,Service,,,LOW
Advanced Policy,File Permissions Policy for GTIletisimSunucuHizmetleri,450 (Normal),,Set Security Permissions,Yes,No,PGEMAPPDOC01,,,,USR_SRV_GTEK_GTNSYIletisimSunucuHizmetleri,Now,,,,,,Always,,,,,,,,,,,Allow Full Control,FSEntry,,,LOW
Advanced Policy,[File Permissions for MainframeUygulamaYonetimi,450 (Normal),,Set Security Permissions,No,No,,,,,GTEKNOLOJI\USR_SRV_GTEK_GTVPYTOMainframeUygulamaYonetimi,Manually,,,,,,Always,,,,,,,,,,,Deny Write,FSEntry,,,LOW
Advanced Policy,[IMPORTED] File Permission Policy for GTKriptografiveMainframeGuvenlik,450 (Normal),,Set Security Permissions,No,No,,,,,"GTEKNOLOJI\USR_SRV_GTEK_GTBTGRYKriptografiveMainframeGuvenlik,IPCC\USR_SRV_IPCC_GTBTGRYBTKriptografiveMainframeGuvenlik",Manually,,,,,,Always,,,,,,,,,,,Allow Full Control,FSEntry,,,LOW
Advanced Policy,Services Permissions Policy for GTAcikSistemlerVeritabani,450 (Normal),"This Security Policy elevate users to start/stop, which registered in",Set Security Permissions,Yes,Yes,,,,,"Group ""USR_SRV_GAR_GTVPOAcikSistemlerVeritabani"",Group ""USR_SRV_GTEK_GTVPYTOAcikSistemlerVeritabani"",garanti\epmtestuser",Now,,,,,,Always,,,,,,,,,,,Allow Full Control,Service,,,LOW
Advanced Policy,Block File Sharing Policy_All Servers_All Users,450 (Normal),,Set Security Permissions,Yes,Yes,,,,,Users,Now,,,,,,Always,,,,,,,,,,,Deny Any Access,FSEntry,,,LOW
Advanced Policy,File Permissions Policy for GTAcikSistemlerVeritabani,450 (Normal),,Set Security Permissions,Yes,Yes,,,,,"GARANTI\USR_SRV_GAR_GTVPYTOAcikSistemlerVeritabani,Group ""USR_SRV_GTEK_GTVPOAcikSistemlerVeritabani"",Garanti\EPMtestuser,Gteknoloji\USR_SRV_GTEK_GTVPYTOAcikSistemlerVeritabani",Now,,,,,,Always,,,,,,,,,,,Allow Full Control,RegKey,,,LOW
Advanced Policy,GT_Gecici,450 (Normal),Mesut Hacı,Set Security Permissions,No,No,,,,,Gteknoloji\srv_ccmp,Manually,,,,,,Always,,,,,,,,,,,Allow Full Control,FSEntry,,,LOW
Advanced Policy,Security Policy for GTCiktiHazirlama_Files,450 (Normal),,Set Security Permissions,Yes,No,"PGEMAPPDOC01,PGEMAPPDOC02,PGEMAPPDOC03,PGEMAPPDOC04",,,,USR_SRV_GTEK_GTVPOCiktiHazirlama,Now,,,,,,Always,,,,,,,,,,,Allow Full Control,FSEntry,,,LOW
Advanced Policy,Security Policy for GTCiktiHazirlama_Services,450 (Normal),,Set Security Permissions,Yes,No,"PGEMAPPDOC01,PGEMAPPDOC02,PGEMAPPDOC03,PGEMAPPDOC04",,,,USR_SRV_GTEK_GTVPOCiktiHazirlama,Now,,,,,,Always,,,,,,,,,,,Allow Full Control,Service,,,LOW
Advanced Policy,File Permissions Policy for GTGuvenlikLogYonetimiveAnalitigi_DB Servers - Allow Full Conrol,450 (Normal),_Guardium,Set Security Permissions,Yes,No,OU / All Computers/Server Computers/Sql Servers,,,,"Group ""USR_SRV_GAR_GTBTGRYGuvenlikLogYonetimiveAnalitigi"",GTEKNOLOJI\USR_SRV_GTEK_GTBTGRYGuvenlikLogYonetimiveAnalitigi",Now,,,,,,Always,,,,,,,,,,,Allow Full Control,FSEntry,,,LOW
Advanced Policy,Service Permissions Policy for GTGuvenlikLogYonetimiveAnalitigi_DB Servers,450 (Normal),,Set Security Permissions,Yes,No,OU / All Computers/Server Computers/Sql Servers,,,,"Group ""USR_SRV_GAR_GTBTGRYGuvenlikLogYonetimiveAnalitigi"",GTEKNOLOJI\USR_SRV_GTEK_GTBTGRYGuvenlikLogYonetimiveAnalitigi",Now,,,,,,Always,,,,,,,,,,,Allow Start/Stop,Service,,,LOW
Advanced Policy,Security Policy for GTP Services,450 (Normal),"This Security Policy authorize users, which registered at 61787106 HYS record, for GTP Services.",Set Security Permissions,No,No,,,,,USR_SRV_GTEK_GYatirimSistemGelistirme,Manually,,,,,,Always,,,,,,,,,,,Allow Full Control,Service,,,LOW
Advanced Policy,File Permission Policy for GT-Service Control Center(SCC),450 (Normal),,Set Security Permissions,Yes,Yes,,,,,"Group ""USR_SRV_GAR_GTUOServiceControlCenter"",GBEXTERNAL\USR_SRV_GBEXT_GTUOServiceControlCenter,GTDMZ\USR_SRV_GTDMZ_GTUOServiceControlCenter,GTEKNOLOJIDMZ\USR_SRV_GTEKDMZ_GTUOServiceControlCenter,Group ""USR_SRV_GTEK_GTUOServiceControlCenter"",IPCCTEST\USR_SRV_IPCCTST_GTUOServiceControlCenter,IPCC\USR_SRV_IPCC_GTUOServiceControlCenter,OID\GT-Service Control Center",Now,,,,,,Always,,,,,,,,,,,Allow Full Control,FSEntry,,,LOW
Advanced Policy,File Permissions Policy for GTBackup_CommVault,450 (Normal),"This Security Policy authorize users, which registered at {proje numarası} HYS record, for TSM files and folders.",Set Security Permissions,Yes,Yes,,,,,"Group ""USR_SRV_GAR_GTVPYTODepolamaAcikSistemler"",Group ""USR_SRV_GAR_GTVPYTOIsHazirlama"",Group ""USR_SRV_GTEK_GTVPODepolamaAcikSistemler"",IPCC\GT-TSM Team,ipcc\volkanate1",Now,,,,,,Always,,,,,,,,,,,Allow Full Control,FSEntry,,,LOW
Advanced Policy,Service Permissions Policy for GTBackup_CommVault,450 (Normal),"This Security Policy authorize users, which registered at ........HYS record, for VSS and Client Acceptor.
TSM services.

GTIsHazirlama",Set Security Permissions,Yes,Yes,,,,,"Group ""USR_SRV_GAR_GTVPYTODepolamaAcikSistemler"",Group ""USR_SRV_GAR_GTVPYTOIsHazirlama"",Group ""USR_SRV_GTEK_GTVPODepolamaAcikSistemler"",IPCC\GT-TSM Team,IPCC\volkanate1",Now,,,,,,Always,,,,,,,,,,,Allow Full Control,Service,,,LOW
Advanced Policy,Service Permission Policy for GTGuvenlikLogYonetimiveAnalitigi_OwnServers,450 (Normal),,Set Security Permissions,No,No,,,,,USR_SRV_GTEK_GTBTGRYGuvenlikLogYonetimiveAnalitigi,Manually,,,,,,Always,,,,,,,,,,,Allow Full Control,Service,,,LOW
Advanced Policy,Services Permission Policy for Matriksuser (Garanti Yatirim),450 (Normal),"76082682
6682052",Set Security Permissions,Yes,No,"PGMKAPPFIX02,PGMKAPPOMS02,PGMKAPPAPI01,PGMKAPPENT04,PGMKAPPOMS01,PGMKAPPFIX01,PGMKAPPAPI03,PGMKAPPFIX03",,,,.\Matriksuser,Now,,,,,,Always,,,,,,,,,,,Allow Full Control,Service,,,LOW
Advanced Policy,File Permission Policy for Matriksuser (Garanti Yatirim),450 (Normal),76082682,Set Security Permissions,Yes,No,"PGMKAPPFIX02,PGMKAPPOMS02,PGMKAPPAPI01,PGMKAPPENT04,PGMKAPPOMS01,PGMKAPPFIX01,PGMKAPPAPI03,PGMKAPPFIX03",,,,.\Matriksuser,Now,,,,,,Always,,,,,,,,,,,Allow Full Control,FSEntry,,,LOW
Advanced Policy,File Permissions Policy for GTBackup,450 (Normal),"This Security Policy authorize users, which registered at {proje numarası} HYS record, for TSM files and folders.",Set Security Permissions,Yes,Yes,,,,,"Group ""USR_SRV_GAR_GTVPYTODepolamaAcikSistemler"",Group ""USR_SRV_GAR_GTVPYTOIsHazirlama"",Group ""USR_SRV_GTEK_GTVPODepolamaAcikSistemler"",Group ""USR_SRV_GTEK_GTVPOIsHazirlama"",ipcc\volkanate1",Now,,,,,,Always,,,,,,,,,,,Allow Full Control,FSEntry,,,LOW
Advanced Policy,Service Permissions Policy for GTBackup,450 (Normal),"This Security Policy authorize users, which registered at ........HYS record, for VSS and Client Acceptor.
TSM services.

GTIsHazirlama",Set Security Permissions,Yes,Yes,,,,,"Group ""USR_SRV_GAR_GTVPYTODepolamaAcikSistemler"",Group ""USR_SRV_GAR_GTVPYTOIsHazirlama"",Group ""USR_SRV_GTEK_GTVPODepolamaAcikSistemler"",Group ""USR_SRV_GTEK_GTVPOIsHazirlama"",IPCC\volkanate1",Now,,,,,,Always,,,,,,,,,,,Allow Full Control,Service,,,LOW
Advanced Policy,File Permission Policy for GT-Dijital Is Yeri Ve Iletisim-Teknik Mimarlar,450 (Normal),,Set Security Permissions,Yes,No,PGFLAPPCGF01OLD,,,,"Group ""USR_SRV_GAR_GTVPYTOIntelPlatformYonetimiTeknikMimarlar"",Group ""USR_SRV_GTEK_GTVPYTOIntelPlatformYonetimiTeknikMimarlar""",Now,,,,,,Always,,,,,,,,,,,Allow Full Control,FSEntry,,,LOW
Advanced Policy,[IMPORTED] File Permission Policy for GTUnixPlatformlari,450 (Normal),69061582,Set Security Permissions,No,No,,,,,"Group ""USR_SRV_GAR_GTVPYTOUnixPlatformlari"",Group ""USR_SRV_GTEK_GTVPOUnixPlatformlari"",GTEKNOLOJI\service_centrify",Manually,,,,,,Always,,,,,,,,,,,Allow Full Control,FSEntry,,,LOW
Advanced Policy,[IMPORTED] Service Permission Policy for GTUnixPlatformlari,450 (Normal),69061582,Set Security Permissions,No,No,,,,,"Group ""USR_SRV_GAR_GTVPYTOUnixPlatformlari"",Group ""USR_SRV_GTEK_GTVPOUnixPlatformlari"",GTEKNOLOJI\service_centrify",Manually,,,,,,Always,,,,,,,,,,,Allow Full Control,Service,,,LOW
Advanced Policy,File Permission Policy For HazineVeYatirimBankaciligiRezilyansYonetimi,450 (Normal),"82036281
8677514",Set Security Permissions,Yes,No,"YatirimRezilyansYetkilendirme,PGMKAPPAPI01,PGMKAPPAPI03,PGMKXFRFIX02,PGMKGTPBAS05,PGMKGTPBAS06,PGMKAPPFIN01,PGMKAPPFIN02",,,,"Group ""USR_SRV_GAR_GTSRSHazineVeYatirimBankaciligiRezilyansYonetimi"",Group ""USR_SRV_GTEK_GTSRSHazineVeYatirimBankaciligiRezilyansYonetimi""",Now,,,,,,Always,,,,,,,,,,,Allow Full Control,FSEntry,,,LOW
Advanced Policy,Service Permission Policy for Uygulama Servisleri Rezilyans Yonetimi,450 (Normal),8873413,Set Security Permissions,No,No,,,,,USR_SRV_GAR_GTSRSMusteriIliskileriVeSurecOtomasyonRezilyansYonet,Manually,,,,,,Always,,,,,,,,,,,Allow Full Control,Service,,,LOW
Advanced Policy,File Permission Policy for GarantiYatirimFintechOrtami,450 (Normal),"80050862 
81984374 
6342488
6327913",Set Security Permissions,Yes,No,"PGMKWEBFIN02,PGMKWEBFIN01,PGMKAPPFIN01OLD,PGMKAPPFIN01,PGMKAPPFIN02",,,,".\psmmatriksuser,.\psmtsuser,User ""Serviceyatirimdestek"",Group ""USR_SRV_GTEK_GTYatirimThirdPartyUsers""",Now,,,,,,Always,,,,,,,,,,,Allow Full Control,FSEntry,,,LOW
Advanced Policy,Service Permission Policy for GarantiYatirimFintechOrtami,450 (Normal),"80050862 
80751822
81984374 
6342488
6327913",Set Security Permissions,Yes,No,"PGMKAPPFIN01OLD,PGMKAPPFIN01,PGMKAPPFIN02",,,,".\psmmatriksuser,.\psmtsuser,User ""Serviceyatirimdestek"",Group ""USR_SRV_GTEK_GTYatirimThirdPartyUsers""",Now,,,,,,Always,,,,,,,,,,,Allow Full Control,Service,,,LOW
Advanced Policy,File Permissions Policy for GTGuvenlikLogYonetimi_All Servers,450 (Normal),"Splunk Files



78685058 

79565906",Set Security Permissions,Yes,Yes,,,,,".\gmklogyonetim,Group ""USR_SRV_GAR_GTMGBTGuvenlikLogYonetimiveAnalitigi"",Group ""USR_SRV_GTEK_GTKGGuvenlikVeRegulasyonLogYonetimi"",gteknoloji\USR_SRV_GTEK_GTBTGRYGuvenlikLogYonetimiveAnalitigi",Now,,,,,,Always,,,,,,,,,,,Allow Full Control,FSEntry,,,LOW
Advanced Policy,Service Permissions Policy for GTGuvenlikLogYonetimi_All Servers,450 (Normal),"Guardium Services

79565906",Set Security Permissions,Yes,Yes,,,,,".\gmklogyonetim,Group ""USR_SRV_GAR_GTMGBTGuvenlikLogYonetimiveAnalitigi"",Gteknoloji\USR_SRV_GTEK_GTBTGRYGuvenlikLogYonetimiveAnalitigi",Now,,,,,,Always,,,,,,,,,,,Allow Start/Stop,Service,,,LOW
Advanced Policy,File Permission for Uygulama Servisleri Rezilyans Yönetimi,450 (Normal),12323291-12227336-,Set Security Permissions,Yes,No,PGMKCVPVXS01,,,,GTEKNOLOJI\USR_SRV_GTEK_GTSRSYatirimBankaciligiRezilyansYonetimi,Now,,,,,,Always,,,,,,,,,,,Allow Full Control,FSEntry,,,LOW
Advanced Policy,File Permission for GT Aİ-Bulut Altyapı ve Veri Saklama Teknolojileri,450 (Normal),11995884,Set Security Permissions,Yes,No,PFINADSECA01,,.\sitesyncuser,,,Now,,,,,,Always,,,,,,,,,,,Allow Full Control,FSEntry,,,LOW
Advanced Policy,Service Permission for Kurumsal Altyapılar Güvenliği (1),450 (Normal),11921444-,Set Security Permissions,Yes,Yes,,,,,"GARANTI\USR_SRV_GAR_GTKGSiberGuvenlikLogYonetimi,GTDMZ\USR_SRV_GTDMZ_GTKGSiberGuvenlikLogYonetimi,GTEKNOLOJIDMZ\USR_SRV_GTEKDMZ_GTKGSiberGuvenlikLogYonetimi,GTEKNOLOJI\USR_SRV_GTEK_GTKGSiberGuvenlikLogYonetimi,TAKASNET\USR_SRV_TKS_GTKGSiberGuvenlikLogYonetimi",Now,,,,,,Always,,,,,,,,,,,Allow Full Control,Service,,,LOW
Advanced Policy,File Permission for Kurumsal Altyapılar Güvenliği (1),450 (Normal),11983873-,Set Security Permissions,Yes,Yes,,,,,"Group ""USR_SRV_GAR_GTKGSiberGuvenlikLogYonetimi"",GTDMZ\USR_SRV_GTDMZ_GTKGSiberGuvenlikLogYonetimi,GTEKNOLOJIDMZ\USR_SRV_GTEKDMZ_GTKGSiberGuvenlikLogYonetimi,GTEKNOLOJI\USR_SRV_GTEK_GTKGSiberGuvenlikLogYonetimi,TAKASNET\USR_SRV_TKS_GTKGSiberGuvenlikLogYonetimi",Now,,,,,,Always,,,,,,,,,,,Allow Full Control,FSEntry,,,LOW
Advanced Policy,Application Permission for Bilgi Sistemleri Güvenlik,450 (Normal),11732854-,Set Security Permissions,No,No,,,,,USR_SRV_GAR_GTKGSiberSavunmaMerkezi,Manually,,,,,,Always,,,,,,,,,,,Allow Full Control,Service,,,LOW
Advanced Policy,File Permission For GT Uygulama Servisleri Rezilyans Yönetimi - 2,450 (Normal),11611073-,Set Security Permissions,No,No,,,,,GTEKNOLOJI\USR_SRV_GTEK_GTSRSFinansalSirketlerRezilyansYonetimi,Manually,,,,,,Always,,,,,,,,,,,Allow Full Control,FSEntry,,,LOW
Advanced Policy,Service Permission for Kurumsal Altyapılar Güvenliği,450 (Normal),11695255-,Set Security Permissions,Yes,No,"PGEMMGMPAU01,PDASMGMPAU01",,,,"DIJITALVARLIK\USR_SRV_DAS_GTKGGuvenlikPlatformlari,EMEKLILIK\USR_SRV_GEM_GTKGGuvenlikPlatformlari,GOHAS\USR_SRV_GOH_GTKGGuvenlikPlatformlari,TEKNOLOJI\servicesolarwuser",Now,,,,,,Always,,,,,,,,,,,Allow Full Control,Service,,,LOW
Advanced Policy,File Permission for Uygulama Servisleri Rezilyans Yönetimi - 2 (1),450 (Normal),11327747,Set Security Permissions,Yes,No,PGFLAPPSTA01,,,,GTEKNOLOJI\USR_SRV_GTEK_GTSRSFinansalSirketlerRezilyansYonetimi,Now,,,,,,Always,,,,,,,,,,,Allow Full Control,FSEntry,,,LOW
Advanced Policy,File Permission for Uygulama Servisleri Rezilyans Yönetimi - 2 (2),450 (Normal),11334499-12132907,Set Security Permissions,Yes,No,"PGEMAPPOUT02,PGEMAPPOUT01,OGEMAPPOUT01,OGEMAPPOUT02",,,,"GTEKNOLOJI\OSMANKOZ1,GTEKNOLOJI\USR_SRV_GTEK_GTSRSFinansalSirketlerRezilyansYonetimi",Now,,,,,,Always,,,,,,,,,,,Allow Full Control,FSEntry,,,LOW
Advanced Policy,Service Permission Uygulama Servisleri Rezilyans Yönetimi - 2,450 (Normal),10429243-,Set Security Permissions,No,No,,,,,USR_SRV_GTEK_GTSRSFinansalSirketlerRezilyansYonetimi,Manually,,,,,,Always,,,,,,,,,,,Allow Full Control,Service,,,LOW
Advanced Policy,File Permission For Uygulama Servisleri Rezilyans Yönetimi - 2,450 (Normal),10711999-,Set Security Permissions,No,No,,,,,USR_SRV_GAR_GTSRSFinansalSirketlerRezilyansYonetimi,Manually,,,,,,Always,,,,,,,,,,,Allow Full Control,FSEntry,,,LOW
Advanced Policy,Service Permission Policy For USR_SRV_GTEK_GTSRSFinansalSirketlerRezilyansYonetimi (1),450 (Normal),9224008-10188359-10429723-10940658-12132907,Set Security Permissions,Yes,No,"PGEMAPPOUT02,PGEMAPPOUT01,OGEMAPPOUT01,OGEMAPPOUT02",,,,USR_SRV_GTEK_GTSRSFinansalSirketlerRezilyansYonetimi,Now,,,,,,Always,,,,,,,,,,,Allow Full Control,Service,,,LOW
Advanced Policy,File Security Permission Policy For USR_SRV_GTEK_GTSRSFinansalSirketlerRezilyansYonetimi,450 (Normal),9235094-9235059,Set Security Permissions,No,No,,,,,USR_SRV_GTEK_GTSRSFinansalSirketlerRezilyansYonetimi,Manually,,,,,,Always,,,,,,,,,,,Allow Full Control,FSEntry,,,LOW
Advanced Policy,File Permission Policy For Uygulama Servisleri Rezilyans Yönetimi - 2,450 (Normal),10183949,Set Security Permissions,No,No,,,,,USR_SRV_GTEK_GTSRSFinansalSirketlerRezilyansYonetimi,Manually,,,,,,Always,,,,,,,,,,,Allow Full Control,FSEntry,,,LOW
Advanced Policy,Service Permission for Uygulama Servisleri Rezilyans Yönetimi - 2,450 (Normal),10323103,Set Security Permissions,No,No,,,,,USR_SRV_GTEK_GTSRSFinansalSirketlerRezilyansYonetimi,Manually,,,,,,Always,,,,,,,,,,,Allow Full Control,Service,,,LOW
Advanced Policy,File Permission for USR_SRV_GTEK_GTAIBulutUygulamaTeknolojileri,450 (Normal),,Set Security Permissions,Yes,Yes,,,,,GTEKNOLOJI\USR_SRV_GTEK_GTAIBulutUygulamaTeknolojileri,Now,,,,,,Always,,,,,,,,,,,Allow Full Control,FSEntry,,,LOW
Advanced Policy,Service Permission Policy for USR_SRV_GTEK_GTSRSFinansalSirketlerRezilyansYonetimi,450 (Normal),9161080-10017403-11080653-12486517-12750040,Set Security Permissions,Yes,No,"PGEMAPPSTE07,PGEMAPPTTS03,PGEMAPPSTE05,PGEMAPPSTE06,PGEMAPPSTE09,PGEMWEBSTE03,PGEMWEBSTE04,PTEKAPPGEM02,PGEMAPPTTS04,PGEMAPPSTE10,PGEMAPPSTE08",,,,"GTEKNOLOJI\OSMANKOZ1,Group ""USR_SRV_GTEK_GTSRSFinansalSirketlerRezilyansYonetimi""",Now,,,,,,Always,,,,,,,,,,,Allow Start/Stop,Service,,,LOW
Advanced Policy,Service Permission Policy for Uygulama Servisleri Rezilyans Yönetimi,450 (Normal),9037199,Set Security Permissions,No,No,,,,,USR_SRV_GAR_GTSRSMusteriIliskileriVeSurecOtomasyonRezilyansYonet,Manually,,,,,,Always,,,,,,,,,,,Allow Full Control,Service,,,LOW
Advanced Policy,Service Permission Policy for Uygulama Servisleri Rezilyans Yönetimi - 2,450 (Normal),9159708-9349690-10960404,Set Security Permissions,Yes,No,"PGEMAPPSES05,PGEMAPPSES06,PGEMAPPSES02,PGEMAPPSES03,GEMSESP07",,,,USR_SRV_GTEK_GTSRSFinansalSirketlerRezilyansYonetimi,Now,,,,,,Always,,,,,,,,,,,Allow Start/Stop,Service,,,LOW
Advanced Policy,Service Permission for Bulut Middleware ve Platform Teknolojileri,450 (Normal),13998613 -,Set Security Permissions,Yes,No,OFINMGMTWS03,,,,GTEKNOLOJI\servicetwsprod,Now,,,,,,Always,,,,,,,,,,,Allow Full Control,Service,,,LOW
Advanced Policy,Service Permission for Kurumsal Altyapılar Güvenliği (3),450 (Normal),14063428 -,Set Security Permissions,Yes,Yes,,,,,"Group ""USR_SRV_GAR_GTKGGuvenlikVeRegulasyonLogYonetimi_Outsource"",Group ""USR_SRV_GAR_GTBTGRYGuvenlikLogYonetimiveAnalitigi"",GTEKNOLOJIDMZ\USR_SRV_GTEKDMZ_GTKGSiberGuvenlikLogYonetimi",Now,,,,,,Always,,,,,,,,,,,Allow Start/Stop,Service,,,LOW
Advanced Policy,Service Permission for Kurumsal Altyapılar Güvenliği (2),450 (Normal),14197826 -,Set Security Permissions,Yes,Yes,,,,,"Group ""USR_SRV_GAR_GTKGGuvenlikVeRegulasyonLogYonetimi_Outsource"",Group ""USR_SRV_GAR_GTBTGRYGuvenlikLogYonetimiveAnalitigi""",Now,,,,,,Always,,,,,,,,,,,Allow Start/Stop,Service,,,LOW
Advanced Policy,Service Permission for Uygulama Servisleri Rezilyans Yönetimi - 2 (2),450 (Normal),13638355-,Set Security Permissions,Yes,No,"PGEMCVPVXS07,PGEMCVPVXS09,PGEMCVPVXS10,PGEMCVPVXS08,PGEMCVPVXS12,PGEMCVPVXS11",,,,GTEKNOLOJI\USR_SRV_GTEK_GTSRSFinansalSirketlerRezilyansYonetimi,Now,,,,,,Always,,,,,,,,,,,Allow Full Control,Service,,,LOW
Advanced Policy,Service Permission for Bulut Altyapı ve Veri Saklama Teknolojileri,450 (Normal),13726327-,Set Security Permissions,Yes,Yes,,,,,"DIJITALVARLIK\USR_SRV_DAS_GTAIBulutVeriSaklamaTeknolojileri,Group ""USR_SRV_GAR_GTAIIsSurekliligiTeknolojileri"",GBEXTERNAL\USR_SRV_GBEXT_GTAIIsSurekliligiTeknolojileri,GOHAS\USR_SRV_GOH_GTAIIsSurekliligiTeknolojileri,GTDMZ\USR_SRV_GTDMZ_GTAIIsSurekliligiTeknolojileri,GTEKNOLOJIDMZ\USR_SRV_GTEKDMZ_GTAIIsSurekliligiTeknolojileri,GTEKNOLOJI\USR_SRV_GTEK_GTAIIsSurekliligiTeknolojileri,IPCC\USR_SRV_IPCC_GTAIIsSurekliligiTeknolojileri,TAKASNET\USR_SRV_TKS_GTAIIsSurekliligiTeknolojileri",Now,,,,,,Always,,,,,,,,,,,Allow Full Control,Service,,,LOW
Advanced Policy,Service Permission forKurumsal Altyapılar Güvenliği,450 (Normal),12715418-12715734-,Set Security Permissions,Yes,Yes,,,,,"Group ""USR_SRV_GAR_GTKGSiberGuvenlikSavunmaTeknolojileri"",GTEKNOLOJI\USR_SRV_GTEK_GTKGSiberGuvenlikSavunmaTeknolojileri",Now,,,,,,Always,,,,,,,,,,,Allow Full Control,Service,,,LOW
Advanced Policy,File Permission for Uygulama Servisleri Rezilyans Yönetimi - 2 (3),450 (Normal),12440117-,Set Security Permissions,Yes,No,"PTEKWEB01,PTEKWEB02",,,,"Group ""USR_SRV_GAR_GTSRSMusteriIliskileriVeSurecOtomasyonRezilyansYonet"",GTEKNOLOJI\USR_SRV_GTEK_GTSRSMusteriIliskileriVeSurecOtomasyonRezilyansYone",Now,,,,,,Always,,,,,,,,,,,Allow Full Control,FSEntry,,,LOW
Advanced Policy,File Permission for Uygulama Servisleri Rezilyans Yönetimi - 2 (4),450 (Normal),12665299-12665318-12750040,Set Security Permissions,Yes,No,"PGEMAPPSTE07,PGEMAPPSTE05,PGEMAPPSTE06,PGEMAPPSTE09,PGEMWEBSTE03,PGEMWEBSTE04,PGEMAPPSTE10,PGEMAPPSTE08",,,,GTEKNOLOJI\USR_SRV_GTEK_GTSRSFinansalSirketlerRezilyansYonetimi,Now,,,,,,Always,,,,,,,,,,,Allow Read,FSEntry,,,LOW
Advanced Policy,File Permission Policy for Uygulama Servisleri Rezilyans Yönetimi - 2 (1),450 (Normal),8688200-12688512-12689588 - 14068124 -,Set Security Permissions,Yes,No,"GEMFTPV3,GEMFTPV1,PTEKAPPGEM02",,,,"EMEKLILIK\USR_SRV_GEM_GTSRSMusteriIliskileriVeSurecOtomasyonRezilyansYonet,Group ""USR_SRV_GAR_GTSRSMusteriIliskileriVeSurecOtomasyonRezilyansYonet""",Now,,,,,,Always,,,,,,,,,,,Allow Full Control,FSEntry,,,LOW
Advanced Policy,File Permission Policy for BT Kontrol ve Sürekli İzleme,450 (Normal),13218527-,Set Security Permissions,No,No,,,,,USR_SRV_GAR_GTSRSServiceControlCenter,Manually,,,,,,Always,,,,,,,,,,,Allow Full Control,FSEntry,,,LOW
Advanced Policy,Service Permission for Uygulama Servisleri Rezilyans Yönetimi - 2 (1),450 (Normal),13391350 -,Set Security Permissions,Yes,No,PGEMAPPDWS01,,,,USR_SRV_GAR_GTSRSMusteriIliskileriVeSurecOtomasyonRezilyansYonet,Now,,,,,,Always,,,,,,,,,,,Allow Full Control,Service,,,LOW
Advanced Policy,File Permission for GT SRS-Uygulama Servisleri Rezilyans Yönetimi - 2,450 (Normal),13415737-13415870-,Set Security Permissions,Yes,No,GEMSESP07,,,,GTEKNOLOJI\USR_SRV_GTEK_GTSRSFinansalSirketlerRezilyansYonetimi,Now,,,,,,Always,,,,,,,,,,,Allow Read,FSEntry,,,LOW
Advanced Policy,Block Application Policy_All Servers_All Users,510 (Below Normal),,Block,Yes,Yes,,,,,Users,Now,,,,,,Always,,,,,Never,,"[IMPORTED] Application Blocked,[IMPORTED] Kill blocked application",,,,,Executable,,Administrator,HIGH
Advanced Policy,Powershell usage Policy_All Servers_All Users,720 (Lowest),,Run Normally,Yes,Yes,,,,,Users,Now,,,,,,Always,,,,,According to General Settings,,,,,,,Executable,,Administrator,HIGH
Default,Protect Macro Settings in MS Office,750 (Lowest),,Set Security Permissions,No,Yes,,,,,,,,,,,,,,,,,,,,,,,,RegKey,,,LOW
CDeceptionPolicy,LSASS Credential Lure Used,2000 (Normal),,PolicyActionDisplayName_VFPA_DECEPTION,No,No,,,,,,,,,,,,,,,,,,,,,,,,,,,
CDeceptionPolicy,LSASS Credential Lure Used,2100 (Normal),,PolicyActionDisplayName_VFPA_DECEPTION,No,Yes,,,,,,,,,,,,,,,,,,,,,,,,,,,
Predefined Application Group,Block,2410 (Normal),,Block,Yes,Yes,,,,,,Now,,,,,,Always,,,,,According to General Settings,,,,,,,,,,
Predefined Application Group,Run Normally,2420 (Normal),,Run Normally,Yes,Yes,,,,,,Now,,,,,,Always,,,,,Never,,,,,,,,,,
Predefined Application Group,Run Elevated,2430 (Normal),,Elevate,Yes,Yes,,,,,,Now,,,,,,Always,,,,,According to General Settings,,,,,,,MSI,MSI by checksum based on file 'quest change auditor coordinator (x64).msi',,HIGH
Predefined Application Group,Developer Applications,2450 (Normal),,Developer Applications,No,Yes,,,,,,Manually,,,,,,Always,,,,,,,,,,,,Executable,Node.js,,HIGH
Default,Unsigned Applications,2720 (Lowest),,Collect Policy Automation Events,No,Yes,,,,,,,,,,,,,,,,,,,,,,,,Executable,,,MEDIUM
Trusted Source,SCCM Software Distribution,3420 (Normal),,Run Normally,Yes,Yes,,,,,,,,,,,,,,,,,,,,,,,,Executable,,,
Trusted Source,BlueStripe Collector,3440 (Normal),,Trust Source,Yes,Yes,,,,,,,,,,,,,,,,,,,,No,,,,Executable,,,LOW
Trusted Source,HP SA Opsware,3440 (Normal),,Trust Source,Yes,Yes,,,,,,,,,,,,,,,,,,,,No,,,,Executable,,,MEDIUM
Trusted Source,Installed by: SCCM Software Distribution,3440 (Normal),,Trust Source,Yes,Yes,,,,,,,,,,,,,,,,,,,,No,,,,Executable,,,LOW
CAdHocElevateAuditPolicy,"Usage of ""JIT new policy 20-Nov-20"" (Windows)",3920 (Normal),"Automatically create complementary Policy to monitor usage of JIT Access and Elevation policy ""JIT new policy 20-Nov-20""",Run Normally,No,No,,,,,Dogukan Ozen,,,,,,,,,,,,,,,,,,,Executable,,,LOW
CAdHocElevateAuditPolicy,"Usage of ""JIT new policy 20-Nov-20"" (macOS)",3920 (Normal),"Automatically create complementary Policy to monitor usage of JIT Access and Elevation policy ""JIT new policy 20-Nov-20""",Run Normally,No,No,,,,,Dogukan Ozen,,,,,,,,,,,,,,,,,,,MacExecutable,,,MEDIUM
CAdHocElevateAuditPolicy,"Usage of ""JIT new policy 03-Mar-22"" (Windows)",3920 (Normal),"Automatically create complementary Policy to monitor usage of JIT Access and Elevation policy ""JIT new policy 03-Mar-22""",Run Normally,No,No,PGFLTRMMUH01,,,,Erhan Arap1,,,,,,,,,,,,,,,,,,,Executable,,,LOW
CAdHocElevateAuditPolicy,"Usage of ""JIT new policy 03-Mar-22"" (macOS)",3920 (Normal),"Automatically create complementary Policy to monitor usage of JIT Access and Elevation policy ""JIT new policy 03-Mar-22""",Run Normally,No,No,PGFLTRMMUH01,,,,Erhan Arap1,,,,,,,,,,,,,,,,,,,MacExecutable,,,MEDIUM
CAdHocElevateAuditPolicy,"Usage of ""JIT for AD installation on pfinappadm03"" (Windows)",3920 (Normal),"Automatically create complementary Policy to monitor usage of JIT Access and Elevation policy ""JIT for AD installation on pfinappadm03""",Run Normally,No,No,PFINAPPADM03,,,,GTEKNOLOJI\GokhanAk1,,,,,,,,,,,,,,,,,,,Executable,,,LOW
CAdHocElevateAuditPolicy,"Usage of ""JIT for AD installation on pfinappadm03"" (macOS)",3920 (Normal),"Automatically create complementary Policy to monitor usage of JIT Access and Elevation policy ""JIT for AD installation on pfinappadm03""",Run Normally,No,No,PFINAPPADM03,,,,GTEKNOLOJI\GokhanAk1,,,,,,,,,,,,,,,,,,,MacExecutable,,,MEDIUM
CAdHocElevateAuditPolicy,"Usage of ""JIT new policy 23-Aug-22"" (Windows)",3920 (Normal),"Automatically create complementary Policy to monitor usage of JIT Access and Elevation policy ""JIT new policy 23-Aug-22""",Run Normally,No,No,,,,,GTEKNOLOJI\ferhatha1,,,,,,,,,,,,,,,,,,,Executable,,,LOW
CAdHocElevateAuditPolicy,"Usage of ""JIT new policy 23-Aug-22"" (macOS)",3920 (Normal),"Automatically create complementary Policy to monitor usage of JIT Access and Elevation policy ""JIT new policy 23-Aug-22""",Run Normally,No,No,,,,,GTEKNOLOJI\ferhatha1,,,,,,,,,,,,,,,,,,,MacExecutable,,,MEDIUM
CAdHocElevateAuditPolicy,"Usage of ""JIT new policy 24-Apr-23"" (Windows)",3920 (Normal),"Automatically create complementary Policy to monitor usage of JIT Access and Elevation policy ""JIT new policy 24-Apr-23""",Run Normally,No,No,PGFKAPPWSV02,,,,"GTEKNOLOJI\dogukanka1,GTEKNOLOJI\tugberh1",,,,,,,,,,,,,,,,,,,Executable,,,LOW
CAdHocElevateAuditPolicy,"Usage of ""JIT new policy 24-Apr-23"" (macOS)",3920 (Normal),"Automatically create complementary Policy to monitor usage of JIT Access and Elevation policy ""JIT new policy 24-Apr-23""",Run Normally,No,No,PGFKAPPWSV02,,,,"GTEKNOLOJI\dogukanka1,GTEKNOLOJI\tugberh1",,,,,,,,,,,,,,,,,,,MacExecutable,,,MEDIUM
CAdHocElevateAuditPolicy,"Usage of ""PGFLFTPSTA01"" (Windows)",3920 (Normal),"Automatically create complementary Policy to monitor usage of JIT Access and Elevation policy ""PGFLFTPSTA01""",Run Normally,No,No,,,,,GTEKNOLOJI\EgehanS1,,,,,,,,,,,,,,,,,,,Executable,,,LOW
CAdHocElevateAuditPolicy,"Usage of ""PGFLFTPSTA01"" (macOS)",3920 (Normal),"Automatically create complementary Policy to monitor usage of JIT Access and Elevation policy ""PGFLFTPSTA01""",Run Normally,No,No,,,,,GTEKNOLOJI\EgehanS1,,,,,,,,,,,,,,,,,,,MacExecutable,,,MEDIUM
Trusted Source,[CUSTOM DISTRIBUTOR] HP SA Opsware,4000 (Normal),,Software Distributor,Yes,Yes,,,,,,,,,,,,,,,,,,,,,,,,Executable,,,MEDIUM
CAdHocElevatePolicy,JIT new policy 20-Nov-20,N/A,,JIT Access and Elevation,No,No,,,,,Dogukan Ozen,,,,,,,,,,,,,,,,,,,,,,
CAdHocElevatePolicy,JIT new policy 23-Aug-22,N/A,,JIT Access and Elevation,No,No,,,,,GTEKNOLOJI\ferhatha1,,,,,,,,,,,,,,,,,,,,,,
CAdHocElevatePolicy,JIT for AD installation on pfinappadm03,N/A,,JIT Access and Elevation,No,No,PFINAPPADM03,,,,GTEKNOLOJI\GokhanAk1,,,,,,,,,,,,,,,,,,,,,,
CAdHocElevatePolicy,JIT new policy 03-Mar-22,N/A,,JIT Access and Elevation,No,No,PGFLTRMMUH01,,,,Erhan Arap1,,,,,,,,,,,,,,,,,,,,,,
CAdHocElevatePolicy,PGFLFTPSTA01,N/A,,JIT Access and Elevation,No,No,,,,,GTEKNOLOJI\EgehanS1,,,,,,,,,,,,,,,,,,,,,,
CAdHocElevatePolicy,JIT new policy 24-Apr-23,N/A,,JIT Access and Elevation,No,No,PGFKAPPWSV02,,,,"GTEKNOLOJI\dogukanka1,GTEKNOLOJI\tugberh1",,,,,,,,,,,,,,,,,,,,,,
Default,[TEMP FILES],4020 (Normal),,Run Normally,Yes,Yes,,,,,,,,,,,,,,,,,,,,,,,,Script,,,LOW
Default,Protection from Ransomware,4115 (Normal),"Monitor potential Ransomware, including legal programs launched by unsigned unhandled Applications",Collect Policy Automation Events,No,Yes,,,,,,,,,,,,,,,,,,,,,,,,Executable,,,HIGH
Default,Monitor Windows Files,4120 (Normal),,Collect Policy Automation Events,Yes,Yes,,,,,,,,,,,,,,,,,,,,,,,,Executable,Command Shell,,LOW
Trusted Source,[Predefined Software Distributors],4220 (Normal),,Software Distributor,Yes,Yes,,,,,,,,,,,,,,,,,,,,,,,,Executable,,,
Trusted Source,[Predefined Updaters],4220 (Normal),,Software Distributor,Yes,Yes,,,,,,,,,,,,,,,,,,,,,,,,Executable,,,LOW
Default,Microsoft Windows OS,4220 (Normal),,Collect Policy Automation Events,Yes,Yes,,,,,,,,,,,,,,,,,,,,,,,,Executable,Windows Operating System programs,,HIGH
CDefaultPolicy,MAC OS,4220 (Normal),,Collect Policy Automation Events,Yes,Yes,,,,,,,,,,,,,,,,,,,,,,,,MacExecutable,,,LOW
Default,Old Applications,4320 (Normal),,Run Normally,No,Yes,,,,,,,,,,,,,,,,,,,,,,,,Executable,,,LOW
Default,Applications downloaded from the Internet,4320 (Normal),,Run Normally,No,Yes,,,,,,,,,,,,,,,,,,,,,,,,Executable,,,LOW
Default,Trusted Vendors,4415 (Normal),,Collect Policy Automation Events,No,Yes,,,,,,,,,,,,,,,,,,,,,,,,Executable,,,HIGH
Default,Default Policy: Collect Events and Monitor Access,4420 (Normal),Collect events for unhandled Applications requiring administrative privileges and monitor access by unhandled Applications to sensitive resources,Collect Policy Automation Events,Yes,Yes,,,,,,,,,,,,,,,,,,,,,,,,ActiveXInstall,,,LOW
CGreyAppsDefaultMacPolicy,Default MAC Policy: Collect Events and Monitor Access,4420 (Normal),Collect events for unhandled Applications requiring administrative privileges and monitor access by unhandled Applications to sensitive resources,Collect Policy Automation Events,Yes,Yes,,,,,,,,,,,,,,,,,,,,,,,,MacExecutable,,,LOW
